Rk,Player,Pos,Age,Tm,G,MP,PER,TS%,3PAr,FTr,ORB%,DRB%,TRB%,AST%,STL%,BLK%,TOV%,USG%,,OWS,DWS,WS,WS/48,,OBPM,DBPM,BPM,VORP
1,Quincy Acy\acyqu01,PF,25,SAC,59,876,14.7,.629,.229,.318,8.1,15.1,11.6,4.4,1.6,2.2,10.0,13.1,,1.8,0.7,2.5,.137,,0.2,0.0,0.2,0.5
2,Jordan Adams\adamsjo01,SG,21,MEM,2,15,17.3,.427,.167,.833,0.0,15.9,7.6,31.9,10.3,0.0,19.6,30.5,,0.0,0.0,0.0,.015,,-2.9,4.8,1.9,0.0
3,Steven Adams\adamsst01,C,22,OKC,80,2014,15.5,.621,.000,.460,12.5,16.1,14.4,4.3,1.0,3.3,14.1,12.6,,4.2,2.3,6.5,.155,,0.8,1.3,2.1,2.1
4,Arron Afflalo\afflaar01,SG,30,NYK,71,2371,10.9,.531,.298,.164,1.1,11.0,6.1,9.9,0.5,0.3,8.7,17.9,,1.8,0.9,2.7,.055,,-0.6,-1.8,-2.4,-0.2
5,Alexis Ajinca\ajincal01,C,27,NOP,59,861,13.8,.514,.003,.197,9.3,25.9,17.3,5.8,1.1,3.4,13.6,20.4,,0.2,0.9,1.0,.058,,-4.3,-0.2,-4.5,-0.5
6,Cole Aldrich\aldrico01,C,27,LAC,60,800,21.3,.626,.000,.373,11.9,27.1,19.6,10.0,2.9,6.7,19.6,18.4,,1.4,2.0,3.5,.209,,-1.0,5.8,4.8,1.4
7,LaMarcus Aldridge\aldrila01,PF,30,SAS,74,2261,22.4,.565,.015,.289,9.2,22.2,15.9,8.1,0.9,2.8,7.8,25.9,,5.6,4.5,10.1,.215,,0.7,1.1,1.8,2.2
8,Cliff Alexander\alexacl01,PF,20,POR,8,36,11.6,.500,.000,.000,6.0,12.1,9.0,0.0,1.4,4.4,9.1,13.3,,0.0,0.0,0.0,.052,,-5.7,-1.3,-7.0,0.0
9,Lavoy Allen\allenla01,PF,26,IND,79,1599,12.4,.532,.000,.197,11.1,17.8,14.5,7.1,0.8,2.1,14.6,13.0,,1.6,2.1,3.7,.110,,-2.1,1.4,-0.6,0.6
10,Tony Allen\allento01,SG,34,MEM,64,1620,12.9,.505,.090,.294,7.0,14.1,10.4,6.9,3.5,1.0,12.8,16.8,,0.5,1.9,2.4,.072,,-1.5,1.4,-0.1,0.8
11,Al-Farouq Aminu\aminual01,SF,25,POR,82,2341,12.7,.533,.485,.217,4.5,18.6,11.5,8.8,1.5,1.8,13.2,16.9,,1.7,2.3,4.0,.082,,-0.4,0.7,0.2,1.3
12,Lou Amundson\amundlo01,PF,33,NYK,29,204,6.7,.401,.000,.509,12.5,13.7,13.1,8.8,1.5,2.6,18.8,17.7,,-0.3,0.2,-0.1,-0.014,,-5.3,0.4,-5.0,-0.2
13,Chris Andersen\anderch01,C,37,TOT,27,402,15.3,.598,.194,.500,9.9,18.2,13.9,4.4,1.9,2.9,9.3,10.8,,0.8,0.4,1.3,.149,,-0.3,1.1,0.8,0.3
13,Chris Andersen\anderch01,C,37,MIA,7,36,17.6,.553,.500,.400,9.8,18.3,14.2,12.2,1.4,6.4,14.5,17.5,,0.1,0.1,0.1,.165,,0.4,2.6,3.0,0.0
13,Chris Andersen\anderch01,C,37,MEM,20,366,15.1,.605,.145,.516,9.9,18.2,13.9,3.7,2.0,2.5,8.4,10.2,,0.7,0.4,1.1,.148,,-0.4,0.9,0.6,0.2
14,Alan Anderson\anderal01,SG,33,WAS,13,192,9.2,.495,.627,.254,0.6,15.5,7.9,10.3,1.0,0.4,3.0,15.4,,0.2,0.2,0.3,.078,,-1.2,-1.7,-2.8,0.0
15,James Anderson\anderja01,SG,26,SAC,51,721,6.0,.469,.483,.163,2.0,10.9,6.5,7.7,1.4,1.6,18.0,13.7,,-0.6,0.4,-0.3,-0.017,,-3.9,-0.3,-4.2,-0.4
16,Justin Anderson\anderju01,SF,22,DAL,55,647,12.3,.522,.474,.314,3.1,19.3,11.2,6.8,1.5,3.2,10.8,15.8,,0.3,0.8,1.1,.083,,-2.5,1.3,-1.2,0.1
17,Kyle Anderson\anderky01,SF,22,SAS,78,1245,12.9,.528,.125,.281,2.4,19.4,11.2,13.7,2.5,1.8,15.1,14.4,,0.7,2.8,3.5,.133,,-1.9,3.7,1.8,1.2
18,Ryan Anderson\anderry01,PF,27,NOP,66,2008,17.2,.546,.385,.245,7.0,15.2,10.9,6.1,0.9,1.0,8.0,24.7,,3.1,0.8,3.9,.092,,1.5,-2.9,-1.4,0.3
19,Giannis Antetokounmpo\antetgi01,PG,21,MIL,80,2823,18.8,.566,.108,.404,4.6,20.0,12.4,20.0,1.7,3.4,14.8,22.3,,4.2,2.9,7.1,.121,,1.0,1.5,2.4,3.2
20,Thanasis Antetokounmpo\antetth01,SF,23,NYK,2,6,32.9,.750,.250,.000,0.0,17.9,9.1,0.0,0.0,0.0,0.0,30.2,,0.0,0.0,0.0,.291,,6.3,-10.5,-4.1,0.0
21,Carmelo Anthony\anthoca01,SF,31,NYK,72,2530,20.3,.530,.237,.308,4.3,19.5,12.0,21.9,1.3,1.1,10.6,29.7,,3.9,2.5,6.4,.121,,2.8,-0.2,2.6,2.9
22,Joel Anthony\anthojo01,C,33,DET,19,96,14.1,.666,.000,.800,8.8,15.4,11.9,1.4,1.1,9.5,12.9,7.0,,0.2,0.2,0.4,.177,,-2.8,5.0,2.2,0.1
23,Keith Appling\applike01,PG,23,ORL,5,27,-4.8,.338,.375,.250,0.0,4.2,2.1,5.0,1.9,0.0,25.3,19.5,,-0.1,0.0,-0.1,-0.199,,-10.3,-2.7,-13.0,-0.1
24,Trevor Ariza\arizatr01,SF,30,HOU,81,2859,12.9,.551,.581,.187,2.6,11.6,7.1,10.0,2.8,0.8,10.8,15.7,,3.1,2.3,5.4,.090,,1.2,0.3,1.5,2.5
25,Darrell Arthur\arthuda01,PF,27,DEN,70,1516,12.5,.514,.239,.108,6.2,15.4,10.7,10.0,1.8,2.6,11.4,16.7,,1.0,1.3,2.3,.072,,-1.2,0.8,-0.3,0.6
26,Omer Asik\asikom01,C,29,NOP,68,1178,11.0,.551,.000,.574,10.9,28.7,19.5,3.1,0.9,1.6,19.7,11.4,,0.7,1.0,1.7,.070,,-4.0,-0.2,-4.2,-0.7
27,D.J. Augustin\augusdj01,PG,28,TOT,62,1178,13.9,.575,.480,.366,0.8,8.0,4.4,25.3,1.6,0.3,17.1,18.0,,2.0,0.6,2.6,.106,,1.0,-2.7,-1.7,0.1
27,D.J. Augustin\augusdj01,PG,28,OKC,34,519,8.7,.522,.504,.281,1.1,7.6,4.5,16.7,1.2,0.3,18.1,13.6,,0.4,0.3,0.7,.065,,-1.4,-1.9,-3.3,-0.2
27,D.J. Augustin\augusdj01,PG,28,DEN,28,659,18.0,.601,.467,.410,0.5,8.4,4.4,32.0,1.9,0.2,16.6,21.5,,1.6,0.3,1.9,.139,,2.8,-3.3,-0.5,0.3
28,Jeff Ayres\pendeje02,C,28,LAC,17,107,8.3,.585,.043,.261,4.1,18.1,11.2,6.9,0.0,2.2,19.0,13.4,,0.1,0.1,0.2,.077,,-4.7,0.1,-4.6,-0.1
29,Luke Babbitt\babbilu01,SF,26,NOP,47,845,11.6,.526,.377,.173,3.2,16.7,9.7,9.6,0.6,0.7,6.9,17.5,,0.8,0.3,1.1,.064,,-0.9,-2.0,-2.9,-0.2
30,Cameron Bairstow\bairsca01,C,25,CHI,18,103,6.8,.391,.125,.200,4.2,24.0,14.3,8.7,1.0,2.1,8.4,20.3,,-0.1,0.1,0.0,-0.004,,-6.9,-0.8,-7.7,-0.1
31,Leandro Barbosa\barbole01,SG,33,GSW,68,1079,11.7,.545,.297,.168,3.0,8.4,5.8,10.6,2.0,0.7,11.8,18.1,,0.9,1.2,2.1,.092,,-1.2,-0.9,-2.1,0.0
32,J.J. Barea\bareajo01,PG,31,DAL,74,1667,15.4,.536,.366,.135,1.7,8.3,5.0,31.5,0.8,0.1,13.0,23.8,,2.1,0.7,2.8,.082,,1.6,-2.8,-1.2,0.3
33,Andrea Bargnani\bargnan01,C,30,BRK,46,634,11.8,.500,.057,.204,4.9,12.4,8.6,4.8,0.3,1.1,7.9,23.2,,0.1,0.0,0.2,.013,,-3.7,-4.2,-7.9,-0.9
34,Harrison Barnes\barneha02,SF,23,GSW,66,2042,12.3,.559,.338,.212,4.3,12.4,8.6,7.8,1.0,0.4,7.6,15.9,,3.1,1.9,4.9,.116,,0.4,-0.6,-0.2,0.9
35,Matt Barnes\barnema02,SF,35,MEM,76,2190,11.7,.503,.534,.199,4.2,18.3,10.9,11.6,1.8,2.4,13.8,17.9,,0.4,2.2,2.6,.056,,-0.4,0.8,0.4,1.3
36,Will Barton\bartowi01,SG,25,DEN,82,2353,16.0,.535,.331,.273,2.7,20.0,11.2,14.4,1.5,1.3,11.2,23.0,,2.4,1.9,4.3,.088,,0.3,-0.4,-0.1,1.1
37,Brandon Bass\bassbr01,PF,30,LAL,66,1342,17.4,.619,.006,.467,8.1,15.0,11.4,9.2,1.2,3.2,9.9,13.9,,3.4,0.7,4.1,.146,,0.1,0.7,0.8,1.0
38,Nicolas Batum\batumni01,SF,27,CHO,70,2448,15.6,.546,.457,.220,2.4,16.8,9.6,26.9,1.3,1.4,17.6,21.4,,2.0,2.9,5.0,.097,,1.1,0.9,2.0,2.5
39,Jerryd Bayless\bayleje01,SG,27,MIL,52,1505,12.4,.568,.529,.206,1.6,9.0,5.4,16.2,1.6,0.6,13.3,16.4,,1.8,0.6,2.4,.075,,1.1,-2.1,-1.0,0.4
40,Aron Baynes\baynear01,C,29,DET,81,1233,17.8,.563,.005,.430,11.9,22.5,17.0,6.6,0.9,3.2,12.8,18.5,,2.4,1.7,4.1,.158,,-1.3,1.1,-0.2,0.6
41,Kent Bazemore\bazemke01,SF,26,ATL,75,2083,13.4,.551,.421,.208,1.5,18.0,9.9,12.7,2.3,1.4,14.8,20.0,,0.3,3.8,4.1,.094,,-1.3,1.6,0.3,1.2
42,Bradley Beal\bealbr01,SG,22,WAS,55,1708,15.5,.547,.339,.220,2.6,9.8,6.2,15.6,1.5,0.5,11.3,25.3,,1.4,1.3,2.7,.076,,1.0,-1.6,-0.6,0.6
43,Michael Beasley\beaslmi01,SF,27,HOU,20,363,22.5,.563,.044,.239,8.8,21.1,14.9,9.1,1.5,2.1,9.6,29.7,,0.6,0.3,1.0,.128,,-0.8,-2.5,-3.4,-0.1
44,Marco Belinelli\belinma01,SG,29,SAC,68,1672,9.4,.500,.468,.217,0.7,6.9,3.8,11.1,1.1,0.1,10.3,19.7,,0.2,0.3,0.5,.014,,-1.3,-2.9,-4.2,-0.9
45,Anthony Bennett\bennean01,PF,22,TOR,19,84,10.4,.446,.519,.370,8.3,22.8,15.7,0.0,3.1,0.0,11.3,19.2,,0.0,0.1,0.1,.054,,-4.8,-4.6,-9.4,-0.2
46,Patrick Beverley\beverpa01,PG,27,HOU,71,2041,13.0,.553,.522,.148,3.9,9.6,6.8,17.9,2.3,1.1,12.6,15.3,,3.1,1.3,4.4,.102,,1.4,-0.3,1.1,1.6
47,Bismack Biyombo\biyombi01,C,23,TOR,82,1808,14.9,.586,.003,.785,11.7,29.5,20.8,2.4,0.5,6.1,15.5,11.5,,2.8,3.1,5.9,.156,,-2.4,2.3,-0.1,0.9
48,Nemanja Bjelica\bjeline01,PF,27,MIN,60,1075,11.2,.594,.532,.234,5.4,17.2,11.4,11.4,1.2,1.6,15.3,12.8,,1.4,0.6,1.9,.087,,0.5,-0.2,0.3,0.6
49,Tarik Black\blackta01,C,24,LAL,39,496,12.3,.537,.000,.433,9.2,25.4,17.0,5.2,1.4,2.9,15.1,12.9,,0.3,0.4,0.7,.072,,-4.0,0.6,-3.4,-0.2
50,DeJuan Blair\blairde01,C,26,WAS,29,218,5.4,.414,.015,.191,10.1,19.4,14.6,7.3,1.8,0.7,16.9,17.8,,-0.3,0.3,-0.1,-0.015,,-6.3,-0.1,-6.4,-0.2
51,Steve Blake\blakest01,PG,35,DET,58,986,9.8,.510,.629,.083,1.0,9.2,4.9,29.5,1.2,0.4,24.6,14.6,,0.3,0.8,1.1,.053,,-1.8,-1.8,-3.5,-0.4
52,Eric Bledsoe\bledser01,PG,26,PHO,31,1059,20.0,.557,.262,.350,1.8,11.2,6.4,31.8,2.9,1.5,16.2,27.2,,1.6,1.0,2.5,.116,,2.7,0.1,2.8,1.3
53,Bojan Bogdanovic\bogdabo02,SF,26,BRK,79,2115,10.7,.550,.451,.176,1.9,11.8,6.8,7.3,0.7,0.2,12.5,19.4,,0.9,0.0,0.9,.021,,-0.5,-2.9,-3.4,-0.8
54,Andrew Bogut\bogutan01,C,31,GSW,70,1451,15.9,.623,.004,.179,9.5,26.0,18.3,14.8,1.1,5.8,21.6,11.4,,2.6,2.9,5.4,.180,,-0.6,5.1,4.5,2.4
55,Matt Bonner\bonnema01,C,35,SAS,30,206,14.1,.647,.596,.070,1.7,12.8,7.5,6.3,1.5,0.4,4.9,13.7,,0.4,0.3,0.8,.181,,1.8,-0.3,1.6,0.2
56,Devin Booker\bookede01,SG,19,PHO,76,2108,11.9,.535,.333,.295,1.4,8.4,4.8,15.8,1.0,0.8,14.0,23.0,,1.2,0.7,1.9,.043,,-0.6,-2.4,-3.1,-0.6
57,Trevor Booker\booketr01,PF,28,UTA,79,1632,14.4,.533,.106,.273,11.9,20.4,16.2,8.2,1.9,2.1,15.7,14.6,,1.8,2.6,4.3,.128,,-0.9,2.3,1.4,1.4
58,Chris Bosh\boshch01,PF,31,MIA,53,1778,20.2,.571,.289,.349,3.2,21.1,12.4,12.1,1.0,1.5,8.1,24.7,,4.1,2.3,6.4,.172,,2.3,-0.3,2.1,1.8
59,Avery Bradley\bradlav01,SG,25,BOS,76,2536,13.2,.538,.399,.121,2.0,7.3,4.6,9.8,2.2,0.6,9.2,19.8,,2.0,2.8,4.8,.090,,0.5,-0.3,0.2,1.4
60,Elton Brand\brandel01,C,36,PHI,17,225,11.4,.461,.014,.125,4.2,27.0,15.2,13.1,2.0,2.7,12.6,16.9,,-0.1,0.3,0.2,.036,,-5.5,1.5,-4.0,-0.1
61,Corey Brewer\breweco01,SF,29,HOU,82,1669,9.9,.481,.406,.254,2.8,10.4,6.6,10.0,2.5,0.9,11.3,17.8,,0.1,1.2,1.2,.035,,-2.2,-1.0,-3.1,-0.5
62,Aaron Brooks\brookaa01,PG,31,CHI,69,1108,11.8,.494,.394,.136,2.0,7.5,4.8,26.0,1.4,0.7,14.2,22.9,,0.2,0.7,0.9,.040,,-0.5,-2.8,-3.3,-0.4
63,Anthony Brown\brownan02,SF,23,LAL,29,599,4.9,.427,.556,.159,1.6,11.3,6.3,4.8,1.2,0.7,10.0,11.0,,-0.4,0.1,-0.3,-0.024,,-4.0,-1.1,-5.0,-0.5
64,Lorenzo Brown\brownlo01,PG,25,PHO,8,61,4.4,.374,.320,.160,0.0,12.8,6.2,28.0,2.4,1.3,25.2,24.9,,-0.3,0.1,-0.2,-0.157,,-8.1,-1.4,-9.5,-0.1
65,Markel Brown\brownma02,SG,24,BRK,62,982,11.3,.500,.376,.292,2.6,11.5,7.0,13.9,2.0,1.2,12.9,18.9,,0.2,0.4,0.6,.031,,-1.4,-1.3,-2.6,-0.2
66,Kobe Bryant\bryanko01,SF,37,LAL,66,1863,14.9,.469,.420,.252,2.3,12.3,7.1,19.1,1.7,0.5,9.4,32.2,,-0.9,0.5,-0.4,-0.010,,0.8,-3.3,-2.5,-0.2
67,Chase Budinger\budinch01,SF,27,TOT,66,929,10.7,.514,.360,.234,5.0,12.6,8.8,10.2,1.7,0.9,14.3,14.5,,0.4,1.0,1.4,.073,,-2.0,0.3,-1.7,0.1
67,Chase Budinger\budinch01,SF,27,IND,49,729,11.1,.502,.356,.247,4.7,13.4,9.1,9.9,2.0,1.0,12.6,14.9,,0.3,1.0,1.3,.084,,-2.0,0.8,-1.2,0.1
67,Chase Budinger\budinch01,SF,27,PHO,17,200,9.2,.567,.378,.178,6.4,9.4,7.9,11.4,0.7,0.4,21.1,13.1,,0.1,0.0,0.1,.034,,-2.0,-1.6,-3.6,-0.1
68,Reggie Bullock\bullore01,SF,24,DET,37,429,12.0,.583,.541,.153,3.4,14.3,8.6,9.2,1.2,0.4,7.1,11.4,,0.8,0.4,1.2,.134,,0.0,0.0,0.0,0.2
69,Trey Burke\burketr01,PG,23,UTA,64,1366,14.0,.507,.404,.129,1.5,8.0,4.8,19.7,1.4,0.4,10.7,25.3,,0.9,1.2,2.1,.074,,0.4,-2.5,-2.0,0.0
70,Alec Burks\burksal01,SG,24,UTA,31,797,14.3,.520,.237,.422,2.4,13.6,8.0,13.9,1.2,0.4,11.4,25.9,,0.7,0.8,1.5,.090,,-0.9,-1.6,-2.5,-0.1
71,Caron Butler\butleca01,SF,35,SAC,17,176,11.3,.490,.305,.203,3.1,10.4,6.8,8.3,2.5,0.5,4.5,16.2,,0.1,0.1,0.3,.071,,-1.5,-1.1,-2.6,0.0
72,Jimmy Butler\butleji01,SG,26,CHI,67,2474,21.3,.562,.198,.459,3.4,11.6,7.6,21.4,2.2,1.3,9.6,24.4,,6.5,2.7,9.1,.177,,3.6,0.3,4.0,3.7
73,Rasual Butler\butlera01,SF,36,SAS,46,432,13.4,.558,.471,.154,0.8,13.5,7.4,7.7,1.5,4.1,6.7,12.6,,0.4,0.9,1.3,.146,,-0.9,2.7,1.8,0.4
74,Bruno Caboclo\cabocbr01,SF,20,TOR,6,43,-7.7,.125,.583,.000,2.7,2.6,2.7,3.2,2.4,1.9,25.0,16.9,,-0.3,0.0,-0.3,-0.283,,-11.4,-0.2,-11.6,-0.1
75,Jose Calderon\caldejo01,PG,34,NYK,72,2024,12.3,.571,.446,.105,1.2,11.0,6.2,22.4,1.6,0.3,15.4,12.6,,2.7,1.4,4.0,.096,,0.5,-0.6,-0.1,1.0
76,Kentavious Caldwell-Pope\caldwke01,SG,22,DET,76,2789,12.4,.521,.384,.238,2.6,8.6,5.5,7.8,2.0,0.5,9.0,18.2,,2.6,2.7,5.3,.092,,0.6,0.6,1.1,2.2
77,Isaiah Canaan\canaais01,SG,24,PHI,77,1966,11.1,.528,.672,.249,1.1,8.8,4.8,11.3,1.4,0.5,10.2,19.9,,0.9,0.5,1.4,.035,,0.2,-2.9,-2.7,-0.4
78,Clint Capela\capelca01,C,21,HOU,77,1471,18.3,.553,.003,.531,14.4,22.7,18.5,5.1,2.0,5.2,10.9,16.1,,2.4,2.0,4.4,.144,,-1.2,1.7,0.5,0.9
79,DeMarre Carroll\carrode01,SF,29,TOR,26,786,11.9,.490,.437,.185,4.6,13.1,8.9,5.5,2.9,0.6,8.8,18.5,,0.2,1.0,1.2,.074,,0.0,0.3,0.2,0.4
80,Vince Carter\cartevi01,SG,39,MEM,60,1005,12.7,.520,.493,.245,3.4,13.6,8.3,8.9,1.9,1.5,8.4,18.5,,1.0,0.8,1.8,.084,,-0.1,-1.2,-1.2,0.2
81,Michael Carter-Williams\cartemi01,PG,24,MIL,54,1649,13.9,.497,.099,.292,3.4,15.7,9.6,26.6,2.5,2.1,19.6,21.3,,-0.4,1.6,1.2,.035,,-1.6,0.9,-0.8,0.5
82,Omri Casspi\casspom01,SF,27,SAC,69,1880,13.9,.587,.441,.256,3.4,20.1,11.8,7.5,1.4,0.7,12.0,17.8,,2.1,1.5,3.6,.092,,0.3,-0.6,-0.3,0.8
83,Willie Cauley-Stein\caulewi01,C,22,SAC,66,1412,15.3,.588,.006,.369,10.3,16.6,13.5,3.8,1.6,3.8,10.5,13.2,,2.4,1.4,3.8,.130,,-0.8,1.5,0.7,1.0
84,Mario Chalmers\chalmma01,PG,29,TOT,61,1373,17.3,.561,.336,.590,1.9,11.5,6.5,26.6,3.3,0.9,16.4,21.9,,2.3,1.5,3.8,.132,,1.8,-0.3,1.5,1.2
84,Mario Chalmers\chalmma01,PG,29,MIA,6,120,9.5,.437,.344,.406,1.0,11.9,6.6,22.3,3.4,0.6,19.3,17.8,,-0.1,0.2,0.1,.038,,-3.1,0.8,-2.3,0.0
84,Mario Chalmers\chalmma01,PG,29,MEM,55,1253,18.0,.570,.335,.604,2.0,11.4,6.5,27.0,3.3,0.9,16.2,22.3,,2.4,1.3,3.7,.141,,2.3,-0.4,1.9,1.2
85,Tyson Chandler\chandty01,C,33,PHO,66,1618,14.7,.606,.003,.545,11.5,27.5,19.3,6.0,1.1,2.2,19.3,12.7,,2.1,1.6,3.8,.112,,-1.9,1.3,-0.5,0.6
86,Rakeem Christmas\chrisra01,PF,24,IND,1,6,32.0,1.000,.000,.000,18.3,0.0,9.1,0.0,0.0,0.0,0.0,14.7,,0.0,0.0,0.0,.343,,9.7,-6.6,3.2,0.0
87,Ian Clark\clarkia01,SG,24,GSW,66,578,11.5,.544,.416,.168,2.6,9.7,6.3,15.3,1.4,1.7,16.5,19.5,,0.3,0.6,0.9,.075,,-1.8,-1.3,-3.0,-0.2
88,Coty Clarke\clarkco01,SF,23,BOS,3,6,23.9,.750,.500,.000,0.0,18.0,8.8,0.0,0.0,0.0,20.0,35.5,,0.0,0.0,0.0,.025,,0.2,-9.7,-9.5,0.0
89,Jordan Clarkson\clarkjo01,SG,23,LAL,79,2552,14.3,.516,.291,.186,3.8,9.6,6.6,13.8,1.7,0.2,10.2,22.8,,1.7,0.4,2.1,.039,,0.6,-2.0,-1.4,0.4
90,Norris Cole\coleno01,PG,27,NOP,45,1198,10.8,.465,.211,.134,0.9,13.5,7.0,22.0,1.5,0.3,12.8,21.7,,-0.6,0.5,-0.1,-0.004,,-2.4,-1.4,-3.7,-0.5
91,Darren Collison\collida01,PG,28,SAC,74,2219,15.9,.591,.280,.291,1.4,6.8,4.1,21.7,1.6,0.1,12.9,19.2,,4.5,0.7,5.2,.113,,1.8,-2.2,-0.4,0.9
92,Nick Collison\collini01,PF,35,OKC,59,699,7.7,.498,.018,.303,11.2,15.2,13.3,9.6,1.1,1.7,28.8,10.6,,0.1,0.7,0.8,.053,,-2.5,1.3,-1.2,0.1
93,Mike Conley\conlemi01,PG,28,MEM,56,1761,19.4,.538,.309,.329,1.6,9.3,5.3,32.7,2.0,0.8,9.5,22.4,,4.2,1.1,5.3,.144,,3.7,-1.9,1.7,1.7
94,Pat Connaughton\connapa01,SG,23,POR,34,143,4.6,.352,.429,.102,8.3,15.9,12.1,9.9,0.7,0.0,16.3,18.7,,-0.3,0.1,-0.2,-0.076,,-5.8,-2.4,-8.2,-0.2
95,Chris Copeland\copelch01,PF,31,MIL,24,156,5.4,.462,.706,.137,0.7,6.5,3.7,10.3,0.7,0.0,10.0,17.3,,-0.1,0.0,-0.1,-0.017,,-2.5,-5.2,-7.7,-0.2
96,Bryce Cotton\cottobr01,PG,23,TOT,8,39,1.7,.400,.300,.000,0.0,0.0,0.0,10.8,3.7,0.0,33.3,16.5,,-0.2,0.0,-0.1,-0.168,,-9.3,-2.7,-12.0,-0.1
96,Bryce Cotton\cottobr01,PG,23,PHO,3,33,-3.3,.250,.375,.000,0.0,0.0,0.0,12.7,4.4,0.0,38.5,16.8,,-0.2,0.0,-0.2,-0.238,,-12.2,-2.1,-14.3,-0.1
96,Bryce Cotton\cottobr01,PG,23,MEM,5,6,29.1,1.000,.000,.000,0.0,0.0,0.0,0.0,0.0,0.0,0.0,15.0,,0.0,0.0,0.0,.221,,6.5,-6.1,0.4,0.0
97,DeMarcus Cousins\couside01,C,25,SAC,65,2246,23.6,.538,.158,.498,7.7,28.2,18.0,17.0,2.2,3.3,13.3,35.4,,2.4,3.3,5.7,.122,,1.0,1.6,2.6,2.6
98,Robert Covington\covinro01,SF,25,PHI,67,1903,13.2,.543,.677,.249,3.6,20.9,12.0,8.4,2.7,1.6,15.3,21.5,,-0.1,2.1,2.0,.050,,-0.2,0.0,-0.2,0.9
99,Allen Crabbe\crabbal01,SG,23,POR,81,2105,12.2,.572,.420,.167,1.4,9.7,5.6,7.2,1.5,0.6,8.1,16.4,,3.1,1.2,4.3,.098,,0.4,-1.1,-0.7,0.7
100,Jamal Crawford\crawfja01,SG,35,LAC,79,2126,14.0,.529,.366,.289,1.0,6.3,3.7,14.0,1.2,0.4,9.6,24.9,,1.8,1.5,3.3,.076,,-0.2,-2.4,-2.6,-0.3
101,Jae Crowder\crowdja01,SF,25,BOS,73,2308,15.8,.565,.446,.294,3.2,14.2,8.6,8.9,2.7,1.2,8.3,18.5,,3.8,3.5,7.3,.152,,1.5,1.3,2.8,2.8
102,Dante Cunningham\cunnida01,SF,28,NOP,80,1971,8.6,.540,.422,.199,3.1,10.4,6.6,5.6,1.1,1.4,8.4,11.0,,1.5,0.7,2.1,.052,,-1.1,-0.1,-1.2,0.4
103,Jared Cunningham\cunnija01,SG,24,TOT,44,410,5.9,.464,.371,.524,0.8,9.6,5.3,6.9,1.8,0.4,14.0,16.5,,-0.3,0.4,0.1,.014,,-4.6,-1.3,-5.9,-0.4
103,Jared Cunningham\cunnija01,SG,24,CLE,40,355,5.9,.464,.352,.527,1.0,8.2,4.6,7.6,1.7,0.5,13.8,16.6,,-0.2,0.4,0.1,.018,,-4.4,-1.0,-5.4,-0.3
103,Jared Cunningham\cunnija01,SG,24,MIL,4,55,5.8,.468,.500,.500,0.0,18.5,9.3,2.5,1.9,0.0,14.9,16.4,,-0.1,0.0,0.0,-0.012,,-5.7,-3.2,-8.9,-0.1
104,Seth Curry\curryse01,PG,25,SAC,44,692,13.8,.603,.496,.241,1.4,7.9,4.7,14.2,1.5,0.4,12.7,17.4,,1.2,0.2,1.4,.097,,0.9,-2.4,-1.5,0.1
105,Stephen Curry\curryst01,PG,27,GSW,79,2700,31.5,.669,.554,.250,2.9,13.6,8.6,33.7,3.0,0.4,12.9,32.6,,13.8,4.1,17.9,.318,,12.4,0.1,12.5,9.8
106,Troy Daniels\danietr01,SG,24,CHO,43,476,14.9,.634,.652,.048,1.6,11.6,6.5,7.6,1.2,0.5,11.2,20.4,,0.6,0.4,1.1,.110,,1.6,-2.7,-1.1,0.1
107,Anthony Davis\davisan02,PF,22,NOP,61,2164,25.0,.559,.095,.379,6.4,26.4,16.1,10.0,1.8,4.7,8.4,29.6,,4.4,2.8,7.2,.160,,1.0,1.2,2.2,2.3
108,Ed Davis\davised01,PF,26,POR,81,1684,18.7,.616,.000,.605,14.4,24.2,19.3,7.7,1.7,3.3,13.0,12.7,,4.4,2.3,6.7,.192,,0.8,2.5,3.3,2.3
109,Branden Dawson\dawsobr01,PF,22,LAC,6,29,7.1,.460,.000,.200,7.6,7.4,7.5,0.0,0.0,2.7,0.0,8.5,,0.0,0.0,0.0,.069,,-4.9,-1.7,-6.6,0.0
110,Dewayne Dedmon\dedmode01,C,26,ORL,58,705,17.0,.606,.000,.429,10.4,25.7,17.9,2.7,1.6,5.4,13.2,15.2,,1.2,1.1,2.4,.162,,-2.6,1.3,-1.3,0.1
111,Bryce Dejean-Jones\dejeabr01,SG,23,NOP,14,279,9.6,.505,.464,.304,3.1,16.5,9.5,7.7,1.8,0.6,12.3,14.1,,0.0,0.2,0.2,.033,,-2.2,-0.4,-2.6,0.0
112,Sam Dekker\dekkesa01,SF,21,HOU,3,6,10.8,,,,0.0,18.5,9.2,0.0,8.2,0.0,,0.0,,0.0,0.0,0.0,.116,,-5.3,5.8,0.5,0.0
113,Matthew Dellavedova\dellama01,PG,25,CLE,76,1867,11.3,.527,.468,.129,2.0,7.8,4.9,26.2,1.2,0.4,17.7,15.9,,2.2,1.6,3.8,.098,,-0.2,-1.4,-1.6,0.2
114,Luol Deng\denglu01,PF,30,MIA,74,2394,15.0,.549,.344,.258,5.3,15.4,10.5,9.0,1.6,0.9,8.9,17.4,,3.5,2.8,6.4,.128,,1.3,0.6,1.9,2.3
115,DeMar DeRozan\derozde01,SG,26,TOR,78,2804,21.5,.550,.101,.474,2.7,11.5,7.1,20.8,1.5,0.6,9.5,29.8,,7.5,2.4,9.9,.169,,2.7,-1.2,1.4,2.4
116,Boris Diaw\diawbo01,PF,33,SAS,76,1386,14.0,.582,.180,.198,4.9,13.9,9.6,18.4,1.0,1.2,18.9,17.0,,1.6,2.2,3.8,.132,,-0.1,1.4,1.2,1.1
117,Gorgui Dieng\dienggo01,C,26,MIN,82,2220,17.1,.601,.035,.428,8.3,22.1,15.3,10.1,2.1,3.5,16.9,16.7,,3.4,2.5,5.9,.127,,0.0,2.4,2.4,2.5
118,Spencer Dinwiddie\dinwisp01,PG,22,DET,12,159,8.9,.423,.185,.611,2.6,9.3,5.8,20.9,1.0,0.0,9.3,20.7,,0.0,0.1,0.1,.028,,-3.1,-2.0,-5.1,-0.1
119,Toney Douglas\douglto01,PG,29,NOP,61,1262,14.7,.543,.456,.222,2.1,10.7,6.3,19.1,2.8,0.3,11.6,19.4,,1.6,0.9,2.5,.094,,1.4,-0.9,0.5,0.8
120,Goran Dragic\dragigo01,PG,29,MIA,72,2363,15.5,.537,.234,.189,2.7,10.4,6.6,28.7,1.5,0.6,16.3,21.9,,2.4,2.3,4.7,.096,,1.3,-0.6,0.7,1.6
121,Andre Drummond\drumman01,C,22,DET,81,2666,21.2,.499,.006,.553,15.6,34.2,24.5,4.4,2.3,3.2,10.5,24.1,,2.0,5.5,7.4,.133,,-2.1,1.6,-0.5,1.0
122,Jared Dudley\dudleja01,PF,30,WAS,81,2098,11.7,.602,.489,.201,2.8,12.6,7.6,11.4,1.7,0.7,13.1,12.7,,2.6,2.0,4.6,.105,,0.3,0.6,1.0,1.6
123,Duje Dukan\dukandu01,SF,24,SAC,1,24,4.2,.300,.500,.000,9.1,9.0,9.0,5.6,2.0,0.0,0.0,17.7,,0.0,0.0,0.0,-0.057,,-3.9,-2.8,-6.7,0.0
124,Tim Duncan\duncati01,C,39,SAS,61,1536,16.9,.523,.005,.297,8.8,23.8,16.6,15.3,1.6,3.9,15.3,17.6,,1.6,3.6,5.2,.163,,-0.8,5.0,4.1,2.4
125,Mike Dunleavy\dunlemi02,SF,35,CHI,31,703,9.1,.543,.527,.197,1.2,11.0,6.2,8.1,1.0,1.0,11.3,14.4,,0.4,0.5,0.9,.063,,-1.2,-0.9,-2.1,0.0
126,Kevin Durant\duranke01,SF,27,OKC,72,2578,28.2,.634,.348,.361,2.0,21.8,12.4,24.2,1.3,2.5,13.5,30.6,,11.0,3.5,14.5,.270,,7.0,0.9,7.9,6.4
127,Cleanthony Early\earlycl01,SF,24,NYK,17,154,2.2,.371,.375,.100,2.9,15.4,9.2,5.7,0.7,1.5,17.7,14.9,,-0.3,0.1,-0.2,-0.075,,-7.1,-1.1,-8.2,-0.2
128,Jarell Eddie\eddieja01,SF,24,WAS,26,147,11.0,.460,.723,.123,1.5,16.3,8.8,5.0,1.7,0.6,1.4,20.7,,0.0,0.1,0.1,.046,,-1.5,-3.2,-4.7,-0.1
129,Wayne Ellington\ellinwa01,SG,28,BRK,76,1615,10.1,.498,.478,.112,1.4,10.9,6.1,7.8,1.5,0.3,7.1,17.5,,0.5,0.3,0.8,.025,,-0.9,-2.3,-3.2,-0.5
130,Monta Ellis\ellismo01,SG,30,IND,81,2734,13.7,.504,.276,.202,1.7,9.1,5.4,22.2,2.7,1.1,15.4,21.2,,0.4,3.9,4.3,.075,,-0.6,0.9,0.3,1.6
131,James Ennis\ennisja01,SF,25,TOT,22,329,17.8,.621,.513,.301,6.9,7.4,7.1,10.1,2.4,1.3,12.9,19.8,,0.7,0.2,0.9,.133,,3.4,-1.0,2.4,0.4
131,James Ennis\ennisja01,SF,25,MIA,3,7,2.4,,,,0.0,0.0,0.0,18.0,0.0,0.0,,0.0,,0.0,0.0,0.0,.070,,-6.1,-4.5,-10.6,0.0
131,James Ennis\ennisja01,SF,25,MEM,10,40,18.3,.460,.615,.769,10.9,8.9,10.0,7.6,5.1,4.6,10.3,21.8,,0.0,0.1,0.1,.100,,1.0,1.9,2.8,0.0
131,James Ennis\ennisja01,SF,25,NOP,9,282,18.1,.647,.500,.240,6.5,7.3,6.9,10.3,2.1,0.9,13.3,20.0,,0.7,0.1,0.8,.139,,4.0,-1.3,2.7,0.3
132,Tyler Ennis\ennisty01,PG,21,MIL,46,654,10.7,.510,.209,.182,2.3,10.7,6.6,21.9,1.9,0.1,18.6,17.1,,0.1,0.3,0.4,.030,,-2.4,-2.3,-4.8,-0.5
133,Jeremy Evans\evansje01,SF,28,DAL,30,251,12.6,.620,.333,.438,4.8,18.8,11.8,1.2,1.2,3.0,10.9,11.7,,0.3,0.3,0.6,.119,,-2.8,0.2,-2.6,0.0
134,Tyreke Evans\evansty01,SG,26,NOP,25,765,17.9,.534,.271,.296,2.8,16.4,9.3,34.6,2.1,0.9,17.1,24.7,,0.8,0.6,1.4,.087,,1.7,0.0,1.7,0.7
135,Festus Ezeli\ezelife01,C,26,GSW,46,770,17.7,.559,.000,.579,13.5,21.9,18.0,5.8,1.1,4.8,11.7,18.2,,1.4,1.3,2.7,.171,,-1.5,1.4,-0.1,0.4
136,Kenneth Faried\farieke01,PF,26,DEN,67,1694,21.0,.577,.003,.355,15.1,23.0,19.0,8.1,0.9,2.9,11.2,21.0,,4.0,1.5,5.5,.156,,1.0,-0.1,0.9,1.2
137,Jordan Farmar\farmajo01,PG,29,MEM,12,291,13.2,.527,.450,.100,1.5,8.6,4.9,20.6,2.7,0.6,14.7,18.9,,0.2,0.2,0.4,.064,,0.2,-1.4,-1.2,0.1
138,Derrick Favors\favorde01,PF,24,UTA,62,1983,21.6,.551,.005,.313,10.0,19.6,14.8,8.9,2.0,3.9,10.1,23.9,,3.8,3.4,7.1,.173,,0.4,2.3,2.7,2.3
139,Cristiano Felicio\feliccr01,C,23,CHI,31,321,17.6,.601,.056,.486,10.0,23.1,16.7,12.1,0.9,3.0,12.9,13.7,,0.7,0.4,1.2,.175,,-0.5,1.4,0.9,0.2
140,Raymond Felton\feltora01,PG,31,DAL,80,2192,11.9,.502,.312,.258,1.8,11.1,6.5,20.3,1.6,0.6,13.7,18.4,,1.0,1.7,2.7,.059,,-1.1,0.2,-0.9,0.6
141,Evan Fournier\fournev01,SF,23,ORL,79,2566,14.6,.587,.420,.256,1.4,8.4,4.9,12.8,1.9,0.1,11.4,20.1,,4.0,1.7,5.7,.106,,2.1,-1.5,0.7,1.7
142,Randy Foye\foyera01,SG,32,TOT,81,1642,7.6,.461,.519,.154,1.6,8.8,5.2,14.1,1.2,1.4,14.3,15.9,,-0.4,0.9,0.4,.012,,-2.3,-1.3,-3.6,-0.6
142,Randy Foye\foyera01,SG,32,DEN,54,1070,7.8,.457,.508,.141,1.6,9.4,5.4,15.6,1.2,1.2,14.1,16.8,,-0.5,0.4,0.0,-0.002,,-2.5,-1.6,-4.1,-0.6
142,Randy Foye\foyera01,SG,32,OKC,27,572,7.1,.469,.544,.181,1.6,7.8,4.9,11.3,1.1,1.7,14.8,14.1,,0.0,0.4,0.4,.038,,-1.9,-0.6,-2.5,-0.1
143,Tim Frazier\fraziti01,PG,25,TOT,51,741,13.9,.499,.210,.323,3.8,12.8,8.2,33.3,2.2,0.2,19.9,19.4,,0.4,0.5,1.0,.062,,-0.7,-0.7,-1.3,0.1
143,Tim Frazier\fraziti01,PG,25,POR,35,272,4.7,.383,.283,.250,4.4,11.2,7.8,21.3,1.8,0.3,28.8,15.0,,-0.5,0.2,-0.3,-0.051,,-5.7,-0.6,-6.3,-0.3
143,Tim Frazier\fraziti01,PG,25,NOP,16,469,19.1,.539,.183,.349,3.4,13.7,8.4,40.3,2.4,0.2,16.3,22.0,,0.9,0.3,1.2,.128,,2.2,-0.7,1.5,0.4
144,Jimmer Fredette\fredeji01,SG,26,TOT,6,18,12.0,.625,.400,1.000,0.0,0.0,0.0,7.7,2.8,0.0,21.7,22.8,,0.0,0.0,0.0,.000,,-2.3,-5.3,-7.5,0.0
144,Jimmer Fredette\fredeji01,SG,26,NOP,4,13,-1.6,.250,.250,.000,0.0,0.0,0.0,10.7,3.8,0.0,20.0,17.0,,-0.1,0.0,-0.1,-0.198,,-10.6,-3.1,-13.8,0.0
144,Jimmer Fredette\fredeji01,SG,26,NYK,2,5,47.4,1.094,1.000,5.000,0.0,0.0,0.0,0.0,0.0,0.0,23.8,38.0,,0.1,0.0,0.1,.514,,19.5,-10.7,8.8,0.0
145,Channing Frye\fryech01,PF-C,32,TOT,70,1200,12.9,.586,.677,.101,3.2,18.6,10.9,8.7,1.2,1.9,10.6,15.1,,1.6,1.3,3.0,.119,,0.5,0.0,0.5,0.7
145,Channing Frye\fryech01,PF,32,ORL,44,754,11.8,.586,.651,.113,3.3,17.6,10.4,8.4,1.4,2.2,13.3,13.2,,0.8,0.8,1.5,.097,,-0.3,0.4,0.1,0.4
145,Channing Frye\fryech01,C,32,CLE,26,446,14.9,.586,.708,.087,3.1,20.4,11.8,9.1,0.9,1.5,7.2,18.3,,0.9,0.6,1.5,.157,,1.9,-0.8,1.1,0.3
146,Danilo Gallinari\gallida01,SF,27,DEN,53,1839,19.0,.582,.341,.617,3.1,14.0,8.5,11.8,1.1,0.8,8.0,23.0,,5.4,0.9,6.3,.165,,2.9,-1.8,1.2,1.5
147,Langston Galloway\gallola01,PG,24,NYK,82,2033,11.7,.490,.381,.194,2.3,13.0,7.7,15.7,1.9,0.8,8.7,15.6,,1.4,1.8,3.3,.077,,-0.4,0.1,-0.4,0.8
148,Kevin Garnett\garneke01,PF,39,MIN,38,556,12.3,.491,.009,.183,3.2,27.9,15.7,16.4,2.5,1.5,11.4,11.3,,0.4,0.7,1.1,.092,,-2.5,2.5,0.0,0.3
149,Marc Gasol\gasolma01,C,31,MEM,52,1791,17.7,.528,.004,.347,3.5,20.2,11.5,18.9,1.4,3.6,12.7,23.4,,1.8,1.9,3.7,.098,,-0.7,1.7,1.0,1.3
150,Pau Gasol\gasolpa01,C,35,CHI,72,2291,21.7,.529,.069,.290,7.3,28.7,18.2,21.7,0.9,4.7,12.8,24.6,,3.2,3.9,7.1,.149,,0.5,3.5,4.0,3.5
151,Rudy Gay\gayru01,SF,29,SAC,70,2379,15.5,.538,.214,.252,4.7,15.9,10.4,8.0,2.0,1.7,11.1,22.4,,1.8,2.1,3.8,.078,,-0.4,0.1,-0.4,1.0
152,Alonzo Gee\geeal01,SF,28,NOP,73,1632,8.4,.572,.235,.259,3.9,13.0,8.3,6.2,1.9,0.7,16.2,9.2,,1.0,0.9,1.9,.056,,-1.8,1.0,-0.8,0.5
153,Paul George\georgpa01,SF,25,IND,81,2819,20.9,.557,.391,.364,3.1,18.7,10.9,20.3,2.7,0.8,13.6,30.4,,4.4,4.8,9.2,.157,,3.5,1.0,4.5,4.6
154,Taj Gibson\gibsota01,PF,30,CHI,73,1936,15.7,.556,.006,.292,11.4,15.9,13.7,8.3,1.2,2.9,12.1,14.6,,3.2,2.2,5.4,.133,,-0.1,1.7,1.6,1.7
155,Manu Ginobili\ginobma01,SG,38,SAS,58,1134,17.8,.573,.411,.257,2.7,11.7,7.3,23.6,3.0,0.8,17.0,23.6,,1.5,2.3,3.8,.160,,2.3,1.3,3.6,1.6
156,Rudy Gobert\goberru01,C,23,UTA,61,1932,17.5,.582,.000,.799,12.6,27.7,20.2,7.4,1.2,5.9,19.2,14.2,,2.6,3.8,6.4,.160,,-1.1,4.8,3.7,2.8
157,Drew Gooden\goodedr01,PF,34,WAS,30,305,7.5,.376,.398,.136,10.1,21.3,15.6,6.0,1.3,2.9,10.6,17.5,,-0.4,0.4,0.0,-0.005,,-5.1,0.1,-5.0,-0.2
158,Archie Goodwin\goodwar01,PG,21,PHO,57,1114,11.1,.498,.235,.457,2.6,11.5,6.9,17.2,1.2,1.0,16.5,23.2,,-0.4,0.5,0.1,.004,,-2.9,-1.7,-4.6,-0.7
159,Aaron Gordon\gordoaa01,PF,20,ORL,78,1863,17.0,.541,.245,.333,9.0,21.3,15.1,10.3,1.6,2.4,9.0,17.3,,3.2,2.2,5.4,.139,,0.6,1.2,1.8,1.8
160,Eric Gordon\gordoer01,SG,27,NOP,45,1481,13.5,.565,.533,.226,0.7,6.9,3.7,12.7,1.4,0.8,10.7,20.3,,1.7,0.4,2.1,.069,,1.6,-2.2,-0.6,0.5
161,Marcin Gortat\gortama01,C,31,WAS,75,2256,19.0,.592,.001,.271,10.8,26.3,18.4,7.5,1.0,3.4,12.4,18.9,,4.2,3.1,7.3,.156,,-0.5,1.7,1.2,1.8
162,Andrew Goudelock\goudean01,PG,27,HOU,8,50,12.4,.506,.450,.200,2.2,2.2,2.2,13.3,5.9,3.3,24.3,24.8,,-0.1,0.1,0.0,-0.033,,-4.1,0.6,-3.6,0.0
163,Jerami Grant\grantje01,SF,21,PHI,77,2066,12.6,.506,.244,.538,5.0,14.3,9.5,10.4,1.3,4.7,12.9,18.0,,0.5,1.6,2.1,.050,,-2.6,1.3,-1.3,0.4
164,Jerian Grant\grantje02,PG,23,NYK,76,1265,11.2,.479,.256,.315,2.0,10.2,6.2,21.8,2.0,0.6,16.3,19.0,,-0.2,1.0,0.8,.030,,-2.3,-1.1,-3.4,-0.5
165,Danny Green\greenda02,SG,28,SAS,79,2062,10.5,.492,.622,.082,2.7,13.6,8.4,9.3,2.0,2.4,11.4,14.6,,0.2,4.1,4.2,.099,,-0.2,3.0,2.7,2.5
166,Draymond Green\greendr01,PF,25,GSW,81,2808,19.3,.587,.315,.402,5.5,23.0,14.7,29.0,2.0,3.0,21.2,18.8,,6.0,5.1,11.1,.190,,2.0,3.9,5.8,5.5
167,Erick Green\greener01,PG,24,TOT,9,42,12.4,.468,.385,.154,8.4,8.2,8.3,11.0,1.3,0.0,0.0,15.2,,0.1,0.0,0.1,.121,,0.1,-2.2,-2.0,0.0
167,Erick Green\greener01,PG,24,DEN,3,7,0.9,.000,1.000,.000,0.0,16.1,7.9,18.3,0.0,0.0,0.0,6.2,,0.0,0.0,0.0,-0.082,,-7.2,-1.9,-9.1,0.0
167,Erick Green\greener01,PG,24,UTA,6,35,14.7,.505,.333,.167,10.1,6.7,8.3,9.6,1.5,0.0,0.0,17.0,,0.1,0.0,0.1,.162,,1.6,-2.2,-0.6,0.0
168,Gerald Green\greenge01,SG,30,MIA,69,1557,10.1,.491,.443,.157,1.9,9.7,5.9,5.6,1.3,0.9,6.8,19.8,,0.3,1.4,1.7,.052,,-1.2,-1.8,-3.0,-0.4
169,JaMychal Green\greenja01,PF,25,MEM,78,1446,14.6,.520,.091,.277,10.5,19.3,14.7,7.7,1.6,2.1,13.0,19.8,,1.2,1.4,2.6,.086,,-1.6,-0.3,-1.9,0.0
170,Jeff Green\greenje02,SF,29,TOT,80,2253,13.0,.510,.258,.267,3.6,13.3,8.3,10.0,1.3,1.5,9.2,20.2,,1.3,1.7,3.1,.065,,-1.0,-0.7,-1.7,0.2
170,Jeff Green\greenje02,SF,29,MEM,53,1544,13.4,.517,.244,.278,3.9,14.4,8.9,10.5,1.3,1.1,9.9,20.2,,1.2,1.0,2.2,.067,,-0.6,-1.1,-1.7,0.1
170,Jeff Green\greenje02,SF,29,LAC,27,709,12.0,.496,.288,.243,3.0,10.9,7.0,8.9,1.3,2.3,7.5,20.4,,0.1,0.8,0.9,.061,,-1.8,0.1,-1.7,0.1
171,Blake Griffin\griffbl01,PF,26,LAC,35,1170,22.1,.544,.030,.322,4.8,22.3,13.7,27.2,1.2,1.1,10.8,29.8,,2.2,1.6,3.8,.156,,1.7,1.6,3.3,1.6
172,Jorge Gutierrez\gutiejo01,PG,27,CHO,12,63,19.1,.694,.182,1.000,0.0,12.3,6.1,40.3,2.4,0.0,27.5,15.6,,0.2,0.1,0.3,.201,,-0.8,-2.4,-3.2,0.0
173,P.J. Hairston\hairspj02,SF,23,TOT,66,1313,6.9,.470,.591,.157,2.1,12.8,7.3,4.4,1.2,0.7,8.6,16.4,,-0.6,1.1,0.6,.021,,-2.7,-1.5,-4.2,-0.7
173,P.J. Hairston\hairspj02,SF,23,CHO,48,938,7.4,.486,.623,.152,2.1,13.0,7.5,4.7,1.3,0.6,7.5,15.3,,-0.1,1.0,0.9,.044,,-2.2,-1.0,-3.2,-0.3
173,P.J. Hairston\hairspj02,SF,23,MEM,18,375,5.7,.438,.523,.167,2.0,12.4,7.0,3.8,1.1,1.0,10.7,19.0,,-0.5,0.2,-0.3,-0.039,,-3.9,-2.7,-6.7,-0.4
174,Jordan Hamilton\hamiljo02,SF,25,NOP,11,304,12.4,.499,.388,.181,4.2,18.9,11.3,12.9,1.3,0.8,12.0,20.7,,0.0,0.2,0.2,.030,,-1.2,-1.0,-2.2,0.0
175,Tyler Hansbrough\hansbty01,PF,30,CHO,44,343,12.5,.522,.042,.915,12.6,15.8,14.2,3.5,1.8,1.7,10.8,14.7,,0.5,0.5,1.0,.134,,-2.6,-0.1,-2.7,-0.1
176,Tim Hardaway\hardati02,SG,23,ATL,51,864,11.7,.563,.536,.211,0.9,9.8,5.4,8.9,1.2,0.6,7.4,16.2,,0.9,1.0,1.9,.105,,-0.9,-1.2,-2.1,0.0
177,James Harden\hardeja01,SG,26,HOU,82,3125,25.3,.598,.406,.518,2.2,15.6,8.8,35.4,2.2,1.4,15.9,32.5,,10.7,2.6,13.3,.204,,7.1,-0.4,6.7,6.9
178,Maurice Harkless\harklma01,SF,22,POR,78,1457,13.3,.541,.341,.270,7.5,13.3,10.4,6.9,1.7,1.9,11.9,15.6,,1.6,1.3,2.9,.096,,-0.4,0.2,-0.2,0.7
179,Justin Harper\harpeju01,PF,26,DET,5,35,6.9,.597,.900,.200,0.0,3.2,1.6,0.0,1.4,0.0,15.5,16.0,,0.0,0.0,0.0,.039,,-1.3,-3.3,-4.6,0.0
180,Montrezl Harrell\harremo01,PF,22,HOU,39,379,14.6,.635,.011,.511,7.2,11.7,9.5,7.2,1.4,2.4,13.4,14.5,,0.7,0.2,0.9,.118,,-1.2,-0.7,-1.9,0.0
181,Devin Harris\harride01,PG,32,DAL,64,1280,13.1,.559,.422,.374,1.5,10.3,5.9,14.5,2.4,0.8,13.2,17.9,,1.2,1.3,2.5,.095,,-0.1,0.4,0.3,0.7
182,Gary Harris\harriga01,SG,21,DEN,76,2439,12.7,.566,.388,.174,2.4,7.7,5.0,9.5,2.0,0.6,10.6,16.5,,2.8,1.2,4.0,.079,,0.9,-0.7,0.2,1.3
183,Joe Harris\harrijo01,SG,24,CLE,5,15,3.4,.375,1.000,.000,0.0,22.5,11.3,18.2,0.0,0.0,20.0,15.1,,0.0,0.0,0.0,-0.032,,-5.0,-1.6,-6.6,0.0
184,Tobias Harris\harrito02,PF,23,TOT,76,2513,16.2,.560,.269,.273,4.1,18.6,11.2,10.6,1.3,1.3,9.8,19.3,,4.1,2.5,6.6,.126,,0.7,0.4,1.0,1.9
184,Tobias Harris\harrito02,PF,23,ORL,49,1610,15.0,.550,.279,.283,4.8,18.9,11.8,9.3,1.5,1.4,11.4,18.9,,1.7,1.6,3.3,.099,,-0.1,0.4,0.3,0.9
184,Tobias Harris\harrito02,PF,23,DET,27,903,18.2,.577,.253,.259,2.9,18.0,10.2,12.9,1.0,1.0,7.2,20.2,,2.3,0.9,3.3,.174,,1.9,0.4,2.3,1.0
185,Aaron Harrison\harriaa01,SG,21,CHO,21,93,4.3,.371,.526,.632,4.7,13.1,8.8,3.0,3.2,0.0,14.1,13.7,,-0.2,0.1,0.0,-0.014,,-5.6,0.1,-5.5,-0.1
186,Udonis Haslem\hasleud01,PF,35,MIA,37,260,9.1,.434,.148,.262,4.5,27.4,16.3,7.6,1.0,0.6,6.8,12.8,,0.0,0.4,0.4,.072,,-4.6,0.1,-4.5,-0.2
187,Spencer Hawes\hawessp01,PF,27,CHO,57,1035,12.4,.508,.333,.212,5.3,20.6,12.9,16.3,1.1,2.1,14.8,17.1,,0.6,1.4,1.9,.090,,-1.9,1.3,-0.6,0.4
188,Chuck Hayes\hayesch01,C,32,HOU,2,24,1.6,.694,.000,1.000,0.0,37.0,18.4,11.3,0.0,0.0,51.0,10.5,,0.0,0.0,0.0,-0.016,,-8.9,-0.6,-9.4,0.0
189,Gordon Hayward\haywago01,SF,25,UTA,80,2893,18.3,.559,.341,.397,2.5,13.5,8.0,18.2,1.7,0.8,12.5,25.7,,5.5,3.4,8.9,.147,,2.6,-0.1,2.5,3.3
190,Gerald Henderson\hendege02,SG,28,POR,72,1431,12.9,.526,.257,.276,2.3,13.7,8.0,8.2,1.4,1.0,10.3,20.2,,1.0,1.0,2.0,.068,,-1.9,-1.4,-3.3,-0.5
191,John Henson\hensojo01,C,25,MIL,57,960,18.6,.580,.003,.402,10.4,15.8,13.2,9.0,1.0,9.7,15.7,19.1,,1.2,1.1,2.3,.117,,-1.5,3.1,1.6,0.9
192,Mario Hezonja\hezonma01,SF,20,ORL,79,1413,9.4,.541,.459,.129,2.2,11.8,6.9,11.2,1.4,1.0,18.0,16.9,,-0.1,1.0,0.9,.029,,-1.9,-0.9,-2.8,-0.3
193,Roy Hibbert\hibbero01,C,29,LAL,81,1878,11.2,.507,.005,.353,7.3,15.8,11.4,8.0,0.9,4.6,13.8,12.9,,1.1,1.0,2.2,.056,,-3.1,1.9,-1.3,0.3
194,J.J. Hickson\hicksjj01,C,27,TOT,35,436,16.8,.514,.006,.665,9.8,24.1,16.8,8.7,1.7,2.6,11.1,22.6,,0.3,0.5,0.8,.088,,-2.9,-0.1,-3.0,-0.1
194,J.J. Hickson\hicksjj01,C,27,DEN,20,305,15.8,.508,.000,.541,7.9,24.0,15.8,8.7,1.6,3.2,10.6,21.6,,0.1,0.4,0.5,.077,,-3.2,0.2,-3.0,-0.1
194,J.J. Hickson\hicksjj01,C,27,WAS,15,131,18.9,.528,.022,.957,14.2,24.4,19.2,8.5,1.9,1.2,12.1,24.8,,0.1,0.2,0.3,.114,,-2.1,-0.9,-3.0,0.0
195,Nene Hilario\hilarne01,PF,33,WAS,57,1094,16.8,.564,.008,.482,5.2,21.6,13.2,14.1,2.4,1.9,14.0,21.6,,1.1,1.6,2.7,.120,,-1.6,1.8,0.2,0.6
196,George Hill\hillge01,PG,29,IND,74,2524,13.2,.555,.425,.203,2.5,10.3,6.5,15.5,1.6,0.5,11.1,15.8,,3.4,2.8,6.2,.118,,1.1,0.5,1.5,2.2
197,Jordan Hill\hilljo01,C,28,IND,73,1513,16.4,.534,.002,.228,11.3,21.2,16.3,9.5,1.2,2.0,13.2,20.3,,1.6,2.3,3.9,.124,,-1.7,0.9,-0.7,0.5
198,Solomon Hill\hillso01,SF,24,IND,59,866,12.2,.543,.356,.202,4.9,15.9,10.5,9.6,2.1,1.0,12.7,13.2,,0.8,1.3,2.1,.117,,-1.3,1.3,0.0,0.4
199,Darrun Hilliard\hillida01,SG,22,DET,38,383,10.7,.511,.382,.305,1.4,11.9,6.4,10.9,1.2,0.2,11.3,19.1,,0.2,0.3,0.5,.066,,-2.0,-1.6,-3.6,-0.2
200,Kirk Hinrich\hinriki01,PG,35,TOT,46,631,7.2,.504,.481,.124,1.4,10.2,5.9,16.0,1.2,0.2,18.1,11.6,,0.1,0.5,0.6,.044,,-2.7,-1.0,-3.7,-0.3
200,Kirk Hinrich\hinriki01,PG,35,CHI,35,555,7.3,.528,.475,.136,1.4,9.5,5.5,15.0,1.2,0.1,17.8,12.0,,0.2,0.4,0.6,.048,,-2.2,-1.3,-3.5,-0.2
200,Kirk Hinrich\hinriki01,PG,35,ATL,11,76,6.2,.227,.545,.000,1.5,15.4,8.6,23.8,1.3,1.0,21.4,8.2,,-0.1,0.1,0.0,.019,,-6.6,0.9,-5.7,-0.1
201,Jrue Holiday\holidjr01,PG,25,NOP,65,1831,19.7,.529,.277,.231,1.6,10.5,5.9,37.3,2.4,1.0,14.0,28.9,,2.2,1.2,3.4,.089,,3.1,-1.3,1.7,1.7
202,Justin Holiday\holidju01,SG,26,TOT,53,773,9.4,.489,.461,.162,1.7,10.5,6.2,10.7,2.1,1.8,13.8,16.2,,-0.3,0.9,0.6,.040,,-2.7,0.3,-2.5,-0.1
202,Justin Holiday\holidju01,SG,26,ATL,26,263,4.7,.407,.616,.137,1.7,9.3,5.6,5.9,2.4,1.2,14.4,15.4,,-0.5,0.4,-0.1,-0.021,,-5.4,0.3,-5.1,-0.2
202,Justin Holiday\holidju01,SG,26,CHI,27,510,11.8,.527,.387,.174,1.7,11.1,6.5,13.2,1.9,2.1,13.5,16.6,,0.2,0.5,0.8,.072,,-1.4,0.2,-1.1,0.1
203,Ryan Hollins\holliry01,C,31,TOT,37,460,12.3,.636,.000,.532,11.2,13.2,12.1,3.3,0.7,4.2,19.8,11.8,,0.6,0.3,1.0,.100,,-2.0,0.2,-1.8,0.0
203,Ryan Hollins\holliry01,C,31,WAS,5,48,7.2,.571,.000,.000,16.0,9.5,12.8,0.0,0.0,1.7,30.0,9.1,,0.0,0.0,0.0,.040,,-4.5,-3.1,-7.6,-0.1
203,Ryan Hollins\holliry01,C,31,MEM,32,412,12.9,.641,.000,.583,10.6,13.6,12.0,3.7,0.7,4.5,18.8,12.1,,0.6,0.3,0.9,.107,,-1.7,0.5,-1.2,0.1
204,Rondae Hollis-Jefferson\holliro01,SF,21,BRK,29,615,14.2,.519,.101,.377,7.0,21.4,14.1,10.1,3.2,2.1,13.9,13.5,,0.5,0.7,1.2,.094,,-1.4,2.6,1.2,0.5
205,Richaun Holmes\holmeri01,PF,22,PHI,51,702,15.9,.564,.198,.333,9.3,11.7,10.5,8.0,1.3,4.3,11.2,17.9,,1.0,0.5,1.5,.103,,-1.0,0.0,-0.9,0.2
206,Rodney Hood\hoodro01,SG,23,UTA,79,2541,14.1,.542,.462,.206,1.8,10.5,6.1,14.4,1.5,0.5,10.5,21.5,,3.4,2.5,6.0,.112,,1.6,-0.9,0.7,1.7
207,Al Horford\horfoal01,C,29,ATL,82,2631,19.4,.565,.244,.123,6.3,18.2,12.4,16.7,1.3,3.6,8.8,20.6,,4.9,4.5,9.4,.172,,1.5,2.6,4.1,4.1
208,Dwight Howard\howardw01,C,30,HOU,71,2280,18.9,.604,.010,.790,11.4,29.1,20.2,7.0,1.5,4.1,17.0,18.4,,3.5,3.1,6.6,.138,,-1.1,1.8,0.6,1.5
209,Marcelo Huertas\huertma01,PG,32,LAL,53,869,10.4,.488,.265,.126,2.2,9.2,5.6,33.9,1.5,0.6,24.8,16.3,,-0.2,0.1,-0.1,-0.006,,-3.1,-2.9,-6.0,-0.9
210,Josh Huestis\huestjo01,PF,24,OKC,5,55,6.7,.509,.500,.333,4.2,15.0,9.9,0.0,0.9,2.8,17.9,13.0,,0.0,0.1,0.0,.010,,-4.9,-2.5,-7.4,-0.1
211,Kris Humphries\humphkr01,PF,30,TOT,53,835,13.1,.517,.366,.285,7.5,21.5,14.4,6.6,0.9,2.2,10.3,19.5,,0.5,1.1,1.6,.093,,-2.2,-0.7,-2.9,-0.2
211,Kris Humphries\humphkr01,PF,30,WAS,28,466,11.8,.524,.424,.196,6.1,21.8,13.8,5.0,0.3,2.4,10.4,18.0,,0.3,0.5,0.7,.073,,-2.6,-1.3,-3.8,-0.2
211,Kris Humphries\humphkr01,PF,30,PHO,4,74,13.5,.367,.278,.222,15.8,31.5,23.5,14.8,2.0,2.2,9.2,25.0,,-0.1,0.1,0.0,.012,,-3.1,0.6,-2.4,0.0
211,Kris Humphries\humphkr01,PF,30,ATL,21,295,14.9,.555,.307,.446,7.6,18.5,13.1,6.9,1.7,1.9,10.4,20.4,,0.4,0.5,0.9,.143,,-1.5,-0.1,-1.6,0.0
212,R.J. Hunter\hunterj01,SG,22,BOS,36,315,7.7,.480,.643,.071,0.7,12.0,6.2,5.9,2.2,1.0,9.8,15.1,,-0.1,0.4,0.3,.045,,-3.1,-0.4,-3.5,-0.1
213,Serge Ibaka\ibakase01,PF,26,OKC,78,2500,13.9,.533,.212,.139,6.5,16.2,11.6,3.9,0.8,4.5,10.5,17.6,,2.5,3.0,5.5,.105,,-1.1,1.0,-0.1,1.2
214,Andre Iguodala\iguodan01,SF,32,GSW,65,1732,12.2,.565,.418,.226,3.4,12.4,8.2,16.3,2.0,0.8,16.3,12.1,,2.3,2.1,4.4,.122,,0.3,1.3,1.6,1.6
215,Ersan Ilyasova\ilyaser01,PF,28,TOT,74,1881,14.2,.526,.392,.233,8.1,15.6,11.7,5.6,1.4,1.4,8.9,18.6,,2.4,2.0,4.4,.113,,0.4,-0.3,0.1,1.0
215,Ersan Ilyasova\ilyaser01,PF,28,DET,52,1434,14.1,.530,.423,.215,7.3,14.5,10.7,6.1,1.3,1.4,9.6,18.7,,1.8,1.5,3.3,.111,,0.6,0.1,0.7,1.0
215,Ersan Ilyasova\ilyaser01,PF,28,ORL,22,447,14.7,.515,.288,.294,11.0,19.1,15.0,4.0,1.6,1.1,6.5,18.3,,0.6,0.5,1.1,.117,,-0.5,-1.6,-2.1,0.0
216,Joe Ingles\inglejo01,SF,28,UTA,81,1241,10.3,.572,.722,.062,1.8,12.4,7.1,12.1,2.3,0.3,17.9,13.5,,0.7,1.6,2.3,.089,,-0.3,0.4,0.1,0.7
217,Damien Inglis\inglida01,SF,20,MIL,20,156,6.7,.444,.351,.216,1.5,21.1,11.4,9.0,2.0,1.6,21.4,14.9,,-0.2,0.2,-0.1,-0.024,,-6.1,-0.3,-6.4,-0.2
218,Kyrie Irving\irvinky01,PG,23,CLE,53,1667,19.9,.540,.298,.217,3.0,7.6,5.3,26.6,1.7,0.9,11.4,29.5,,3.2,1.7,5.0,.143,,3.0,-1.4,1.6,1.5
219,Jarrett Jack\jackja01,PG,32,BRK,32,1027,14.5,.505,.285,.313,1.0,14.1,7.4,35.0,1.7,0.6,18.8,21.7,,0.5,0.4,0.9,.043,,0.0,-1.4,-1.4,0.2
220,Reggie Jackson\jacksre01,PG,25,DET,79,2424,19.6,.535,.268,.271,2.5,9.1,5.7,36.3,1.2,0.3,13.8,29.1,,4.9,1.9,6.9,.136,,3.9,-1.6,2.3,2.6
221,LeBron James\jamesle01,SF,31,CLE,76,2709,27.5,.588,.199,.347,4.7,18.8,11.8,36.0,2.0,1.5,13.2,31.4,,9.6,4.0,13.6,.242,,6.9,2.3,9.1,7.6
222,Al Jefferson\jeffeal01,C,31,CHO,47,1096,18.2,.507,.000,.220,5.6,24.6,15.0,11.8,1.4,3.0,5.8,24.2,,1.0,1.8,2.8,.123,,-2.3,1.2,-1.1,0.2
223,Cory Jefferson\jeffeco01,PF,25,PHO,8,50,12.7,.446,.045,.273,12.7,22.2,17.4,0.0,0.0,1.6,0.0,21.0,,0.0,0.0,0.1,.070,,-6.1,-7.7,-13.8,-0.1
224,Richard Jefferson\jefferi01,SF,35,CLE,74,1326,9.7,.585,.554,.279,1.3,9.6,5.5,6.4,1.3,0.9,10.9,13.4,,1.4,1.3,2.7,.099,,-0.5,-0.3,-0.8,0.4
225,John Jenkins\jenkijo01,SG,24,TOT,43,480,10.0,.522,.319,.150,1.8,11.3,6.5,11.7,0.8,0.2,13.7,18.1,,0.0,0.2,0.2,.022,,-3.0,-2.4,-5.4,-0.4
225,John Jenkins\jenkijo01,SG,24,DAL,21,193,7.2,.466,.271,.129,2.3,10.2,6.3,7.6,0.8,0.0,12.9,20.1,,-0.2,0.1,-0.1,-0.033,,-5.0,-2.4,-7.4,-0.3
225,John Jenkins\jenkijo01,SG,24,PHO,22,287,11.9,.564,.356,.167,1.5,12.0,6.6,14.4,0.8,0.3,14.2,16.7,,0.3,0.1,0.4,.059,,-1.6,-2.3,-4.0,-0.1
226,Brandon Jennings\jennibr01,PG,26,TOT,48,868,13.7,.491,.510,.257,2.0,10.4,6.1,29.2,1.7,0.7,14.4,20.0,,0.8,0.7,1.5,.082,,0.3,-1.7,-1.4,0.1
226,Brandon Jennings\jennibr01,PG,26,DET,23,416,13.1,.491,.538,.266,1.3,11.2,6.0,25.7,1.3,0.4,12.1,19.0,,0.4,0.4,0.8,.094,,0.3,-1.5,-1.1,0.1
226,Brandon Jennings\jennibr01,PG,26,ORL,25,452,14.3,.490,.484,.248,2.7,9.7,6.1,32.4,2.0,0.9,16.4,20.9,,0.3,0.4,0.7,.071,,0.4,-1.9,-1.6,0.0
227,Jonas Jerebko\jerebjo01,PF,28,BOS,78,1176,10.3,.531,.378,.273,6.8,19.4,13.0,7.4,0.8,1.6,14.0,13.5,,0.9,1.5,2.4,.097,,-2.5,0.4,-2.0,0.0
228,Amir Johnson\johnsam01,PF,28,BOS,79,1800,16.0,.602,.101,.284,10.3,19.6,14.9,11.4,1.4,3.6,16.4,13.6,,3.0,2.9,5.9,.158,,-0.2,3.2,3.0,2.3
229,Chris Johnson\johnsch04,SF,25,UTA,70,857,8.2,.482,.510,.216,3.7,14.3,9.0,8.0,2.0,2.0,15.8,13.6,,-0.1,1.2,1.1,.059,,-2.7,1.3,-1.4,0.1
230,James Johnson\johnsja01,PF,28,TOR,57,926,11.4,.532,.275,.283,3.5,11.9,7.8,11.4,1.6,2.9,16.7,15.9,,0.3,1.0,1.3,.068,,-1.7,1.0,-0.6,0.3
231,Joe Johnson\johnsjo02,SF,34,TOT,81,2703,12.0,.538,.364,.165,2.0,10.2,6.1,18.0,1.1,0.1,14.7,17.9,,1.9,0.8,2.7,.048,,0.3,-1.6,-1.3,0.4
231,Joe Johnson\johnsjo02,SF,34,BRK,57,1934,10.7,.512,.377,.178,1.9,11.2,6.5,18.0,1.0,0.1,15.0,17.8,,0.6,0.2,0.7,.018,,-0.4,-1.7,-2.2,-0.1
231,Joe Johnson\johnsjo02,SF,34,MIA,24,769,15.2,.603,.335,.135,2.3,7.6,5.0,17.9,1.4,0.2,13.9,18.4,,1.3,0.6,2.0,.123,,2.0,-1.3,0.8,0.5
232,Orlando Johnson\johnsor01,SG,26,TOT,7,101,3.6,.346,.294,.235,4.2,12.3,8.1,2.7,1.5,2.4,9.6,17.8,,-0.2,0.1,-0.2,-0.087,,-8.0,-2.4,-10.4,-0.2
232,Orlando Johnson\johnsor01,SG,26,PHO,2,47,10.1,.407,.294,.353,6.8,14.2,10.4,0.0,2.1,5.2,4.8,18.7,,0.0,0.1,0.0,.026,,-6.2,-2.0,-8.2,-0.1
232,Orlando Johnson\johnsor01,SG,26,NOP,5,54,-2.1,.280,.294,.118,2.0,10.6,6.2,5.1,0.9,0.0,14.4,17.1,,-0.2,0.0,-0.2,-0.185,,-9.5,-2.8,-12.3,-0.1
233,Stanley Johnson\johnsst04,SF,19,DET,73,1687,8.7,.460,.342,.170,3.6,16.7,9.9,10.8,1.6,0.5,15.0,19.6,,-1.3,1.9,0.6,.018,,-3.1,0.5,-2.6,-0.2
234,Tyler Johnson\johnsty01,SG,23,MIA,36,863,13.8,.579,.292,.263,3.8,10.3,7.2,13.9,1.4,1.2,14.8,16.8,,1.2,0.9,2.0,.113,,0.4,0.0,0.4,0.5
235,Wesley Johnson\johnswe01,SF,28,LAC,80,1666,11.0,.513,.600,.089,2.5,13.6,8.1,4.4,2.7,2.6,9.2,16.0,,0.0,2.7,2.6,.076,,-1.3,1.8,0.5,1.0
236,Nikola Jokic\jokicni01,C,20,DEN,80,1733,21.5,.582,.140,.317,11.4,24.7,17.9,18.1,2.3,2.3,13.2,19.9,,4.5,2.2,6.7,.185,,2.6,2.2,4.8,3.0
237,Dahntay Jones\jonesda02,SF,35,CLE,1,42,10.3,.464,.143,.000,2.7,10.7,6.7,7.3,1.2,3.9,0.0,15.1,,0.0,0.1,0.1,.096,,-3.1,0.9,-2.2,0.0
238,James Jones\jonesja02,SF,35,CLE,48,463,11.6,.580,.732,.183,2.0,10.2,6.1,4.5,1.2,1.8,7.8,16.2,,0.7,0.5,1.2,.120,,0.3,-1.3,-1.0,0.1
239,Terrence Jones\joneste01,PF,24,HOU,50,1044,13.5,.519,.215,.316,6.5,15.9,11.1,6.3,1.1,3.1,10.5,19.3,,0.8,0.7,1.5,.068,,-2.4,-1.0,-3.4,-0.4
240,Tyus Jones\jonesty01,PG,19,MIN,37,573,11.2,.450,.340,.250,1.4,8.0,4.8,27.7,2.7,0.4,16.0,16.1,,0.0,0.3,0.3,.027,,-1.7,-2.0,-3.7,-0.3
241,DeAndre Jordan\jordade01,C,27,LAC,77,2598,20.6,.628,.002,1.219,11.4,32.7,22.2,5.3,1.0,5.4,12.1,15.4,,6.0,5.5,11.5,.213,,-0.4,3.8,3.4,3.5
242,Cory Joseph\josepco01,SG,24,TOR,80,2046,12.4,.512,.188,.297,2.2,9.4,5.9,19.3,1.6,0.8,13.4,17.0,,1.8,1.7,3.5,.082,,-0.6,-0.4,-1.0,0.5
243,Chris Kaman\kamanch01,C,33,POR,16,112,11.1,.496,.093,.070,6.8,16.5,11.6,15.8,0.4,0.7,15.3,20.4,,0.0,0.1,0.1,.037,,-3.3,-1.9,-5.1,-0.1
244,Frank Kaminsky\kaminfr01,C,22,CHO,81,1708,12.5,.513,.385,.282,4.4,17.2,10.7,9.0,1.1,2.0,8.9,17.1,,1.2,2.1,3.3,.093,,-1.6,0.4,-1.2,0.3
245,Enes Kanter\kanteen01,C,23,OKC,82,1721,24.0,.626,.029,.349,16.7,24.9,21.0,3.1,0.7,1.5,12.2,23.4,,6.0,2.1,8.1,.226,,1.3,-3.1,-1.7,0.1
246,Sergey Karasev\karasse01,SF,22,BRK,40,399,8.5,.562,.500,.378,2.2,14.3,8.2,12.2,0.8,0.4,20.3,12.1,,0.2,0.1,0.3,.031,,-2.4,-1.7,-4.2,-0.2
247,Sasha Kaun\kaunsa01,C,30,CLE,25,95,12.5,.527,.000,.647,14.4,16.5,15.5,4.5,2.2,4.3,24.3,13.7,,0.0,0.2,0.2,.096,,-3.5,2.7,-0.8,0.0
248,Ryan Kelly\kellyry01,PF,24,LAL,36,470,10.3,.440,.248,.362,4.6,23.7,13.8,6.9,1.4,1.7,9.4,17.9,,-0.3,0.3,0.1,.005,,-4.9,-1.1,-6.0,-0.5
249,Michael Kidd-Gilchrist\kiddgmi01,SF,22,CHO,7,205,16.9,.603,.115,.475,6.3,17.8,12.0,7.3,0.7,1.2,9.8,18.0,,0.4,0.2,0.6,.152,,-0.7,-0.7,-1.4,0.0
250,Sean Kilpatrick\kilpase01,SG,26,TOT,31,616,15.6,.576,.422,.248,2.1,8.2,5.1,8.0,1.0,0.3,9.4,23.8,,1.0,0.0,1.0,.076,,1.4,-4.4,-3.0,-0.2
250,Sean Kilpatrick\kilpase01,SG,26,DEN,8,82,8.0,.551,.810,.381,2.7,5.5,4.1,5.4,1.2,0.0,14.0,15.2,,0.0,0.0,0.1,.037,,-0.9,-3.4,-4.3,0.0
250,Sean Kilpatrick\kilpase01,SG,26,BRK,23,534,16.7,.578,.390,.237,2.1,8.6,5.3,8.4,0.9,0.3,8.9,25.2,,0.9,0.0,0.9,.082,,1.8,-4.5,-2.8,-0.1
251,Brandon Knight\knighbr03,SG,24,PHO,52,1870,14.7,.522,.392,.204,2.0,9.9,5.9,24.4,1.6,0.9,15.4,26.2,,0.7,0.9,1.7,.043,,1.2,-1.5,-0.3,0.8
252,Kyle Korver\korveky01,SG,34,ATL,80,2401,9.7,.578,.644,.088,0.7,10.9,5.9,9.9,1.2,1.1,13.3,13.7,,1.2,2.9,4.1,.081,,-0.7,0.5,-0.2,1.1
253,Kosta Koufos\koufoko01,C,26,SAC,78,1482,15.1,.540,.000,.234,12.4,18.4,15.4,3.3,1.3,3.8,8.9,15.4,,2.1,1.4,3.5,.113,,-1.6,0.4,-1.2,0.3
254,Jeremy Lamb\lambje01,SG,23,CHO,66,1227,15.9,.529,.355,.173,3.9,18.7,11.2,10.9,1.7,2.0,8.4,22.0,,1.0,1.8,2.7,.107,,-0.6,0.1,-0.5,0.4
255,Carl Landry\landrca01,PF,32,PHI,36,569,22.4,.605,.052,.364,9.1,19.2,14.0,11.1,1.0,1.2,7.1,24.0,,1.8,0.3,2.1,.176,,1.5,-2.3,-0.7,0.2
256,Shane Larkin\larkish01,PG,23,BRK,78,1751,13.3,.515,.215,.213,1.8,9.9,5.8,29.3,2.7,0.6,21.0,17.7,,0.5,1.0,1.4,.039,,-1.2,-1.0,-2.2,-0.1
257,Joffrey Lauvergne\lauvejo01,C,24,DEN,59,1041,15.7,.567,.139,.182,8.1,23.1,15.4,9.1,0.6,1.2,11.6,19.5,,1.6,0.7,2.3,.105,,-0.9,-1.4,-2.3,-0.1
258,Zach LaVine\lavinza01,SG,20,MIN,82,2294,14.3,.548,.330,.212,1.4,10.1,5.8,18.6,1.5,0.6,12.9,23.5,,1.9,0.7,2.6,.054,,1.0,-2.4,-1.4,0.3
259,Ty Lawson\lawsoty01,PG,28,TOT,66,1411,9.7,.476,.305,.243,2.0,7.4,4.7,24.6,1.9,0.4,19.5,14.9,,0.2,0.7,0.9,.031,,-2.7,-2.0,-4.6,-0.9
259,Ty Lawson\lawsoty01,PG,28,HOU,53,1176,8.9,.480,.328,.279,1.9,6.5,4.2,22.3,1.8,0.4,20.3,14.8,,0.0,0.4,0.4,.017,,-2.9,-2.2,-5.1,-0.9
259,Ty Lawson\lawsoty01,PG,28,IND,13,235,13.7,.460,.209,.090,2.8,11.6,7.2,36.1,2.1,0.3,15.7,15.5,,0.2,0.3,0.5,.103,,-1.5,-0.7,-2.2,0.0
260,Courtney Lee\leeco01,SG,30,TOT,79,2334,11.5,.551,.340,.185,1.4,8.7,4.9,9.1,1.9,1.1,9.4,14.7,,2.1,1.7,3.9,.080,,-0.5,-0.1,-0.6,0.9
260,Courtney Lee\leeco01,SG,30,MEM,51,1489,11.7,.556,.329,.220,1.4,7.9,4.5,8.1,1.8,1.0,9.6,15.3,,1.5,0.8,2.2,.072,,-0.2,-0.7,-1.0,0.4
260,Courtney Lee\leeco01,SG,30,CHO,28,845,11.2,.540,.359,.118,1.3,10.1,5.6,10.9,2.0,1.2,9.0,13.6,,0.7,1.0,1.6,.093,,-0.9,1.0,0.2,0.5
261,David Lee\leeda02,PF,32,TOT,55,903,19.6,.568,.003,.278,12.0,24.6,18.3,15.5,1.2,2.5,14.9,21.5,,1.7,1.4,3.0,.161,,-0.3,1.7,1.4,0.8
261,David Lee\leeda02,PF,32,BOS,30,470,15.5,.499,.005,.266,9.1,20.4,14.7,18.3,1.2,2.2,15.1,22.9,,0.2,0.7,0.9,.092,,-2.5,1.2,-1.3,0.1
261,David Lee\leeda02,PF,32,DAL,25,433,24.0,.660,.000,.294,15.2,29.1,22.2,12.5,1.2,2.9,14.8,20.0,,1.5,0.7,2.1,.237,,2.1,2.2,4.3,0.7
262,Alex Len\lenal01,C,22,PHO,78,1821,12.4,.482,.011,.383,10.4,25.4,17.7,8.5,1.0,2.8,16.6,20.4,,-0.5,1.8,1.3,.035,,-4.4,0.7,-3.6,-0.7
263,Kawhi Leonard\leonaka01,SF,24,SAS,72,2380,26.0,.616,.267,.306,4.7,18.4,11.8,13.0,2.8,2.3,7.8,25.8,,8.3,5.5,13.7,.277,,5.5,2.8,8.3,6.2
264,Meyers Leonard\leoname01,PF,23,POR,61,1333,11.3,.561,.524,.106,4.1,21.4,12.8,10.6,0.3,1.1,14.5,17.4,,1.2,1.0,2.2,.078,,-0.5,-1.0,-1.5,0.2
265,Jon Leuer\leuerjo01,PF,26,PHO,67,1255,16.2,.555,.236,.217,6.4,26.3,16.1,9.6,1.5,2.0,12.8,19.8,,1.4,1.3,2.7,.103,,-1.3,0.3,-1.0,0.3
266,Damian Lillard\lillada01,PG,25,POR,75,2676,22.2,.560,.414,.315,1.8,10.4,6.1,33.6,1.2,0.8,12.6,31.3,,7.7,1.4,9.2,.165,,5.9,-2.2,3.7,3.8
267,Jeremy Lin\linje01,SG,27,CHO,78,2048,13.8,.534,.310,.401,2.2,11.4,6.8,18.6,1.4,1.7,14.9,22.2,,1.3,2.3,3.5,.082,,-0.9,-0.2,-1.1,0.5
268,Shaun Livingston\livinsh01,PG,30,GSW,78,1520,13.8,.581,.032,.245,3.2,8.5,6.0,21.0,1.8,1.3,15.7,14.2,,2.9,1.7,4.6,.145,,-0.6,0.1,-0.5,0.6
269,Kevon Looney\looneke01,PF,19,GSW,5,21,18.6,.643,.286,.000,21.8,29.1,25.6,0.0,0.0,0.0,12.5,16.5,,0.1,0.0,0.1,.192,,-1.2,-8.2,-9.5,0.0
270,Brook Lopez\lopezbr01,C,27,BRK,73,2457,21.7,.562,.012,.348,9.2,17.2,13.1,10.8,1.2,4.1,11.6,27.3,,4.5,1.7,6.2,.121,,1.1,0.2,1.3,2.1
271,Robin Lopez\lopezro01,C,27,NYK,82,2219,17.6,.574,.002,.243,13.4,16.2,14.8,8.5,0.4,4.4,15.4,17.7,,3.7,2.1,5.8,.126,,0.1,1.3,1.4,1.9
272,Kevin Love\loveke01,PF,27,CLE,77,2424,19.0,.553,.449,.321,7.0,28.4,17.8,12.2,1.2,1.4,11.3,23.4,,4.7,3.8,8.5,.169,,1.7,0.9,2.5,2.8
273,Kyle Lowry\lowryky01,PG,29,TOR,77,2851,22.2,.578,.457,.410,2.2,12.3,7.3,29.9,2.9,1.0,13.7,26.1,,8.0,3.7,11.6,.196,,6.2,0.6,6.8,6.3
274,Trey Lyles\lylestr01,PF,20,UTA,80,1382,11.6,.517,.294,.188,5.0,20.2,12.6,7.1,1.0,1.1,12.1,17.9,,0.6,1.7,2.3,.079,,-2.4,-0.4,-2.8,-0.3
275,Shelvin Mack\macksh01,PG,25,TOT,52,1058,13.6,.507,.301,.147,1.4,12.5,7.0,30.6,1.7,0.2,17.7,23.3,,0.2,1.2,1.3,.061,,-0.5,-0.8,-1.2,0.2
275,Shelvin Mack\macksh01,PG,25,ATL,24,179,15.4,.464,.284,.126,1.2,11.9,6.7,36.9,2.2,0.0,12.3,28.5,,-0.1,0.3,0.2,.045,,-1.3,-1.8,-3.1,0.0
275,Shelvin Mack\macksh01,PG,25,UTA,28,879,13.2,.520,.306,.153,1.5,12.6,7.0,29.3,1.6,0.3,19.2,22.2,,0.2,0.9,1.2,.064,,-0.3,-0.5,-0.8,0.3
276,Ian Mahinmi\mahinia01,C,29,IND,71,1816,16.6,.603,.000,.502,8.3,22.1,15.3,8.9,1.8,3.3,15.5,15.7,,2.9,3.3,6.2,.163,,-0.9,3.3,2.4,2.0
277,Devyn Marble\marblde01,SG,23,ORL,28,249,5.2,.368,.451,.338,2.6,14.4,8.5,6.6,2.6,0.3,7.9,15.7,,-0.4,0.3,-0.1,-0.026,,-4.8,-0.6,-5.5,-0.2
278,Boban Marjanovic\marjabo01,C,27,SAS,54,508,27.7,.662,.000,.655,16.9,26.2,21.7,6.6,1.2,3.5,11.5,22.8,,2.3,1.2,3.4,.325,,2.7,0.9,3.6,0.7
279,Kendall Marshall\marshke01,PG,24,PHI,30,400,6.7,.449,.415,.110,0.5,7.3,3.8,28.4,2.0,0.4,25.8,18.3,,-0.7,0.1,-0.5,-0.064,,-5.5,-3.3,-8.8,-0.7
280,Jarell Martin\martija01,PF,21,MEM,27,380,14.0,.534,.017,.534,11.2,14.7,12.9,6.4,1.1,1.7,11.7,19.2,,0.5,0.2,0.8,.100,,-1.6,-1.6,-3.2,-0.1
281,Kevin Martin\martike02,SG,32,TOT,55,1095,11.5,.520,.325,.411,1.5,10.0,5.8,8.2,1.2,0.2,9.8,22.6,,0.7,0.5,1.2,.054,,-1.4,-3.1,-4.5,-0.7
281,Kevin Martin\martike02,SG,32,MIN,39,834,11.9,.523,.308,.425,1.4,9.8,5.6,8.8,1.0,0.1,9.4,23.5,,0.7,0.1,0.8,.045,,-1.2,-4.0,-5.2,-0.7
281,Kevin Martin\martike02,SG,32,SAS,16,261,10.1,.504,.388,.353,1.8,10.6,6.3,6.4,1.8,0.6,11.7,19.5,,0.0,0.4,0.4,.082,,-2.2,-0.2,-2.4,0.0
282,Wesley Matthews\matthwe02,SG,29,DAL,78,2644,10.9,.532,.615,.171,1.1,8.8,4.9,8.9,1.5,0.5,7.8,17.2,,1.9,1.8,3.7,.067,,0.8,-0.3,0.5,1.6
283,O.J. Mayo\mayooj01,SG,28,MIL,41,1090,7.7,.474,.505,.125,1.4,9.6,5.5,15.8,2.2,0.6,17.5,17.0,,-0.7,0.6,-0.1,-0.005,,-2.0,-1.5,-3.5,-0.4
284,Luc Mbah a Moute\mbahalu01,PF,29,LAC,75,1274,7.3,.498,.193,.275,5.2,9.4,7.3,3.3,1.7,1.2,12.8,9.4,,0.2,1.3,1.6,.059,,-3.0,1.5,-1.6,0.1
285,James Michael McAdoo\mcadoja01,PF,23,GSW,41,262,15.9,.554,.024,.583,13.1,10.9,11.9,9.2,1.8,2.2,13.2,20.1,,0.5,0.3,0.8,.146,,-0.9,-0.3,-1.1,0.1
286,Ray McCallum\mccalra01,PG,24,TOT,41,475,9.1,.449,.288,.103,1.9,9.3,5.6,18.5,1.3,1.2,13.6,16.8,,-0.2,0.5,0.3,.034,,-2.9,-0.8,-3.8,-0.2
286,Ray McCallum\mccalra01,PG,24,SAS,31,256,10.3,.476,.239,.149,2.8,10.8,6.9,17.7,1.0,1.2,13.3,14.7,,0.1,0.4,0.5,.092,,-2.4,0.4,-2.0,0.0
286,Ray McCallum\mccalra01,PG,24,MEM,10,219,7.7,.425,.329,.063,1.0,7.6,4.2,19.5,1.6,1.3,13.8,19.3,,-0.3,0.1,-0.2,-0.033,,-3.5,-2.2,-5.7,-0.2
287,C.J. McCollum\mccolcj01,SG,24,POR,80,2780,17.7,.544,.330,.158,1.8,8.3,5.0,21.6,1.7,0.6,11.4,27.1,,4.4,1.7,6.0,.104,,2.5,-2.0,0.4,1.7
288,T.J. McConnell\mccontj01,PG,23,PHI,81,1606,14.5,.511,.192,.088,2.8,14.5,8.5,37.2,2.9,0.5,22.5,17.0,,0.6,1.4,1.9,.058,,-1.7,-0.4,-2.1,0.0
289,Chris McCullough\mcculch01,PF,20,BRK,24,362,12.2,.470,.312,.211,7.6,13.6,10.5,3.7,3.9,2.7,11.2,16.5,,-0.1,0.4,0.3,.043,,-2.1,1.1,-1.0,0.1
290,K.J. McDaniels\mcdankj01,SF,22,HOU,37,235,10.6,.522,.347,.417,7.5,12.3,9.9,6.5,1.5,2.1,16.6,18.7,,0.1,0.1,0.2,.043,,-3.1,-1.9,-5.0,-0.2
291,Doug McDermott\mcderdo01,SF,24,CHI,81,1861,10.9,.561,.402,.130,2.1,8.8,5.5,5.0,0.4,0.2,7.2,17.3,,2.1,0.7,2.8,.073,,-0.3,-2.8,-3.1,-0.5
292,Mitch McGary\mcgarmi01,PF,23,OKC,20,72,7.4,.474,.174,.435,6.4,20.1,13.6,6.0,0.7,2.1,20.3,20.4,,-0.1,0.1,0.0,-0.018,,-6.2,-1.5,-7.7,-0.1
293,JaVale McGee\mcgeeja01,C,28,DAL,34,370,19.9,.574,.007,.269,15.8,23.7,19.7,1.5,0.7,5.9,12.3,21.1,,0.6,0.5,1.1,.146,,-2.9,-0.6,-3.5,-0.1
294,Ben McLemore\mclembe01,SG,22,SAC,68,1443,8.6,.531,.407,.226,2.6,8.5,5.6,7.9,1.7,0.6,16.5,17.6,,-0.4,0.7,0.3,.010,,-2.0,-1.2,-3.2,-0.4
295,Jordan McRae\mcraejo01,PG,24,TOT,22,195,14.2,.548,.282,.359,2.3,9.2,5.7,20.9,0.7,0.4,14.2,23.9,,0.2,0.1,0.4,.087,,-0.9,-3.3,-4.3,-0.1
295,Jordan McRae\mcraejo01,PG,24,PHO,7,82,14.2,.567,.423,.577,2.6,8.1,5.3,19.1,1.8,0.0,15.5,20.0,,0.1,0.0,0.2,.096,,-0.1,-2.9,-3.0,0.0
295,Jordan McRae\mcraejo01,PG,24,CLE,15,113,14.2,.537,.212,.250,2.0,9.9,6.0,22.3,0.0,0.7,13.5,26.7,,0.1,0.1,0.2,.081,,-1.5,-3.6,-5.2,-0.1
296,Josh McRoberts\mcrobjo01,PF,28,MIA,42,595,9.9,.453,.331,.270,4.3,15.3,10.0,19.4,1.6,0.9,15.3,15.0,,0.1,0.7,0.8,.064,,-1.9,0.6,-1.4,0.1
297,Jodie Meeks\meeksjo01,SG,28,DET,3,43,13.5,.506,.450,.200,2.4,10.6,6.3,11.3,0.0,0.0,4.4,23.1,,0.1,0.0,0.1,.107,,0.1,-4.2,-4.1,0.0
298,Salah Mejri\mejrisa01,C,29,DAL,34,397,16.8,.636,.013,.590,11.4,22.6,17.0,3.9,1.0,7.6,19.0,14.0,,0.6,0.7,1.3,.156,,-2.6,3.7,1.1,0.3
299,Jordan Mickey\mickejo01,PF,21,BOS,16,57,15.3,.398,.000,.455,11.0,13.3,12.1,2.6,0.0,15.1,3.6,20.5,,0.0,0.1,0.1,.068,,-7.3,4.1,-3.2,0.0
300,Khris Middleton\middlkh01,SG,24,MIL,79,2852,16.8,.560,.316,.273,1.8,10.2,6.0,18.9,2.3,0.6,12.3,23.0,,4.3,1.8,6.1,.103,,2.2,-1.6,0.6,1.9
301,C.J. Miles\milescj01,SF,28,IND,64,1464,14.0,.547,.610,.196,1.9,11.1,6.5,7.0,1.8,1.6,9.2,22.8,,1.2,1.9,3.1,.103,,1.0,-1.2,-0.2,0.7
302,Andre Miller\millean02,PG,39,TOT,39,461,13.4,.600,.075,.302,3.1,9.5,6.4,28.3,1.8,0.0,23.6,15.4,,0.6,0.4,1.0,.100,,-1.1,-1.8,-2.9,-0.1
302,Andre Miller\millean02,PG,39,MIN,26,280,13.7,.663,.069,.328,2.5,7.4,5.0,31.9,1.6,0.0,27.4,14.6,,0.5,0.1,0.5,.088,,-0.8,-3.7,-4.5,-0.2
302,Andre Miller\millean02,PG,39,SAS,13,181,12.9,.521,.083,.271,3.9,12.8,8.5,22.6,2.0,0.0,18.3,16.6,,0.1,0.3,0.4,.118,,-1.5,1.0,-0.5,0.1
303,Mike Miller\millemi01,SF,35,DEN,47,373,6.5,.508,.839,.000,1.8,14.2,7.9,14.9,1.7,0.9,21.5,9.3,,0.1,0.3,0.3,.040,,-2.5,-0.3,-2.7,-0.1
304,Patrick Mills\millspa02,PG,27,SAS,81,1662,14.6,.541,.523,.095,1.9,8.7,5.4,20.1,1.8,0.3,10.7,19.7,,2.2,2.6,4.8,.139,,2.1,-0.4,1.7,1.6
305,Elijah Millsap\millsel01,SG,28,UTA,20,173,6.5,.384,.308,.462,4.1,19.5,11.8,16.2,2.1,1.5,16.1,14.9,,-0.2,0.3,0.1,.033,,-4.6,1.8,-2.8,0.0
306,Paul Millsap\millspa01,PF,30,ATL,81,2647,21.3,.556,.218,.383,8.4,21.5,15.1,16.4,2.7,4.1,13.3,24.3,,4.1,6.0,10.1,.183,,1.1,4.2,5.3,4.9
307,Nikola Mirotic\mirotni01,PF,24,CHI,66,1646,15.6,.564,.568,.297,3.8,19.1,11.6,9.4,1.8,2.0,12.9,21.1,,1.8,2.2,3.9,.115,,1.1,0.1,1.2,1.3
308,Nazr Mohammed\mohamna01,C,38,OKC,5,19,6.0,.680,.000,.400,6.1,16.3,11.5,0.0,0.0,0.0,33.8,19.9,,0.0,0.0,0.0,-0.009,,-7.4,-5.9,-13.2,-0.1
309,Greg Monroe\monrogr01,C,25,MIL,79,2314,21.8,.562,.001,.327,10.9,23.4,17.2,13.2,1.6,2.5,10.7,23.5,,5.0,2.4,7.5,.155,,1.3,0.2,1.5,2.1
310,Luis Montero\montelu01,SG,22,POR,12,42,-2.7,.337,.474,.211,0.0,10.3,5.2,3.5,0.0,0.0,16.2,25.7,,-0.2,0.0,-0.2,-0.238,,-11.0,-5.9,-16.9,-0.2
311,E'Twaun Moore\mooreet01,SG,26,CHI,59,1263,11.4,.548,.267,.090,1.6,9.3,5.5,12.1,1.5,1.0,11.6,15.9,,0.9,1.0,1.8,.070,,-1.1,-0.7,-1.8,0.1
312,Eric Moreland\moreler01,PF,24,SAC,8,48,7.4,.515,.000,.667,6.8,17.9,12.4,2.7,0.0,6.7,27.9,9.5,,0.0,0.0,0.0,.012,,-6.5,1.9,-4.5,0.0
313,Marcus Morris\morrima03,SF,26,DET,80,2856,12.7,.531,.315,.287,3.3,12.4,7.7,11.0,1.2,0.6,11.6,18.4,,2.9,2.5,5.4,.091,,0.2,0.5,0.7,2.0
314,Markieff Morris\morrima02,PF,26,TOT,64,1629,12.2,.489,.216,.205,4.8,19.3,11.9,12.7,1.7,1.7,14.7,24.2,,-1.2,1.7,0.5,.015,,-2.9,0.1,-2.8,-0.3
314,Markieff Morris\morrima02,PF,26,PHO,37,917,10.8,.456,.176,.213,5.0,18.3,11.5,16.1,1.8,1.5,16.0,26.0,,-1.3,0.8,-0.5,-0.029,,-3.8,0.0,-3.8,-0.4
314,Markieff Morris\morrima02,PF,26,WAS,27,712,14.0,.538,.275,.192,4.6,20.5,12.4,8.2,1.7,1.9,12.6,21.9,,0.2,0.9,1.1,.072,,-1.8,0.2,-1.5,0.1
315,Anthony Morrow\morroan01,SG,30,OKC,68,926,10.7,.543,.613,.117,1.2,5.8,3.6,3.7,1.2,0.4,4.6,16.9,,1.4,0.5,1.9,.097,,0.5,-3.2,-2.7,-0.2
316,Donatas Motiejunas\motiedo01,PF,25,HOU,37,547,11.3,.504,.278,.259,7.4,14.6,11.0,12.2,1.5,0.8,16.2,21.4,,0.0,0.3,0.3,.026,,-2.5,-1.9,-4.3,-0.3
317,Timofey Mozgov\mozgoti01,C,29,CLE,76,1326,14.6,.593,.019,.265,9.5,19.2,14.4,3.9,0.9,3.5,15.0,16.1,,1.8,1.9,3.7,.133,,-2.2,1.0,-1.2,0.3
318,Emmanuel Mudiay\mudiaem01,PG,19,DEN,68,2068,9.9,.437,.256,.231,1.7,10.9,6.2,29.0,1.6,1.4,17.9,25.7,,-3.3,1.2,-2.1,-0.049,,-3.1,-1.2,-4.3,-1.2
319,Shabazz Muhammad\muhamsh01,SF,23,MIN,82,1682,15.2,.548,.223,.355,7.0,11.4,9.2,5.2,0.7,0.3,8.2,22.8,,2.6,0.2,2.7,.077,,0.0,-4.2,-4.2,-0.9
320,Xavier Munford\munfoxa02,SG,23,MEM,14,244,9.9,.481,.299,.182,1.3,13.7,7.2,14.3,2.7,1.1,15.3,18.0,,-0.2,0.2,0.1,.017,,-2.9,-0.1,-3.1,-0.1
321,Mike Muscala\muscami01,C,24,ATL,60,565,13.6,.576,.257,.257,7.5,14.9,11.3,9.1,1.1,3.8,13.8,15.5,,0.7,0.9,1.6,.136,,-2.0,1.5,-0.5,0.2
322,Larry Nance Jr.\nancela02,PF,23,LAL,63,1266,13.4,.544,.033,.157,8.3,18.6,13.3,5.7,2.1,1.4,11.3,12.6,,1.3,0.9,2.2,.083,,-2.0,0.6,-1.4,0.2
323,Shabazz Napier\napiesh01,PG,24,ORL,55,600,9.6,.460,.517,.224,1.6,8.6,5.1,23.1,1.9,0.1,17.2,19.7,,-0.3,0.4,0.1,.004,,-2.3,-2.6,-4.9,-0.4
324,Gary Neal\nealga01,SG,31,WAS,40,807,13.5,.558,.308,.169,1.5,10.2,5.8,9.2,1.2,0.1,7.7,20.5,,0.9,0.5,1.4,.085,,-0.5,-2.3,-2.8,-0.2
325,Jameer Nelson\nelsoja01,PG,33,DEN,39,1036,9.5,.464,.469,.114,2.0,10.4,6.2,27.3,1.2,0.4,17.0,16.4,,0.1,0.4,0.5,.024,,-1.2,-1.9,-3.1,-0.3
326,Raul Neto\netora01,PG,23,UTA,81,1499,10.2,.530,.388,.167,1.3,8.0,4.7,18.7,2.2,0.1,19.5,17.2,,0.2,1.6,1.8,.058,,-1.6,-0.7,-2.3,-0.1
327,Andrew Nicholson\nichoan01,PF,26,ORL,56,823,14.8,.567,.368,.210,4.5,22.8,13.5,4.8,0.6,2.2,10.8,20.4,,0.8,0.8,1.6,.092,,-1.7,-2.0,-3.7,-0.4
328,Joakim Noah\noahjo01,C,30,CHI,29,635,14.1,.406,.008,.338,14.7,27.3,21.1,24.2,1.4,3.3,25.4,14.2,,0.0,1.1,1.1,.079,,-2.3,4.3,1.9,0.6
329,Nerlens Noel\noelne01,C,21,PHI,67,1965,16.2,.544,.003,.387,8.2,22.2,15.0,10.5,2.9,3.9,18.7,18.8,,0.3,2.8,3.0,.074,,-2.7,3.4,0.7,1.3
330,Lucas Nogueira\noguelu01,C,23,TOR,29,225,15.6,.642,.068,.341,9.3,14.0,11.7,4.9,2.8,4.4,17.9,12.4,,0.3,0.4,0.7,.154,,-0.4,2.9,2.6,0.3
331,Steve Novak\novakst01,PF,32,TOT,10,44,14.4,.651,.833,.056,0.0,12.0,6.2,0.0,0.0,0.0,5.1,19.2,,0.1,0.0,0.1,.121,,1.3,-8.0,-6.6,-0.1
331,Steve Novak\novakst01,PF,32,OKC,7,24,20.8,.708,.750,.000,0.0,17.2,9.1,0.0,0.0,0.0,7.7,23.1,,0.1,0.0,0.1,.181,,2.9,-8.5,-5.7,0.0
331,Steve Novak\novakst01,PF,32,MIL,3,20,6.7,.543,1.000,.167,0.0,5.7,2.9,0.0,0.0,0.0,0.0,14.5,,0.0,0.0,0.0,.050,,-0.5,-7.3,-7.8,0.0
332,Dirk Nowitzki\nowitdi01,PF,37,DAL,75,2364,19.0,.555,.308,.252,2.4,20.3,11.4,10.1,1.1,1.8,6.4,25.5,,4.2,2.6,6.8,.138,,1.2,-0.3,0.9,1.7
333,Jusuf Nurkic\nurkiju01,C,21,DEN,32,547,15.9,.460,.012,.409,12.9,22.7,17.7,12.3,2.2,6.5,16.1,27.2,,-0.5,0.9,0.4,.031,,-4.1,2.8,-1.3,0.1
334,J.J. O'Brien\obriejj01,SF,23,UTA,2,6,1.3,.000,.000,.000,0.0,19.4,9.7,0.0,8.8,0.0,0.0,7.7,,0.0,0.0,0.0,-0.028,,-10.2,5.5,-4.7,0.0
335,Johnny O'Bryant\obryajo01,PF,22,MIL,66,857,7.4,.441,.005,.191,8.7,14.7,11.7,5.4,1.1,0.8,12.0,13.5,,-0.2,0.4,0.3,.014,,-4.3,-1.7,-6.0,-0.9
336,Kyle O'Quinn\oquinky01,PF,25,NYK,65,764,17.5,.520,.081,.221,11.0,24.5,17.9,15.9,1.3,4.9,17.0,21.2,,0.5,1.2,1.6,.103,,-1.8,2.5,0.7,0.5
337,Jahlil Okafor\okafoja01,C,20,PHI,53,1591,17.1,.536,.008,.248,8.1,17.8,12.8,8.2,0.7,2.9,12.5,27.3,,0.3,0.9,1.2,.037,,-2.6,-1.5,-4.1,-0.8
338,Victor Oladipo\oladivi01,SG,23,ORL,72,2379,16.7,.534,.291,.255,2.2,14.0,8.0,18.6,2.4,1.9,12.4,22.9,,2.2,2.7,4.9,.099,,1.0,0.8,1.8,2.3
339,Kelly Olynyk\olynyke01,C,24,BOS,69,1395,16.3,.561,.378,.230,5.4,16.2,10.7,11.9,1.8,1.8,10.8,20.9,,2.1,2.0,4.1,.141,,0.8,0.4,1.2,1.1
340,Kelly Oubre\oubreke01,SF,20,WAS,63,671,8.2,.507,.374,.232,4.1,18.4,11.1,2.8,1.6,0.8,12.8,17.4,,-0.3,0.7,0.4,.031,,-4.3,-1.6,-5.8,-0.7
341,Zaza Pachulia\pachuza01,C,31,DAL,76,2004,16.2,.550,.006,.587,13.7,25.7,19.7,9.7,1.6,0.9,16.8,16.2,,3.4,2.7,6.0,.145,,-0.8,2.2,1.4,1.7
342,Kostas Papanikolaou\papanko01,SF,25,DEN,26,294,6.0,.464,.485,.212,3.0,12.3,7.5,7.8,2.2,1.4,22.5,13.9,,-0.4,0.2,-0.1,-0.022,,-4.5,0.1,-4.3,-0.2
343,Jabari Parker\parkeja01,PF,20,MIL,76,2408,14.8,.535,.039,.254,5.9,12.8,9.4,8.9,1.5,1.0,10.4,20.9,,2.4,1.2,3.6,.072,,-0.9,-1.5,-2.4,-0.2
344,Tony Parker\parketo01,PG,33,SAS,72,1980,16.2,.546,.092,.241,1.0,8.8,5.1,29.1,1.4,0.4,14.3,21.2,,2.9,2.9,5.8,.142,,0.4,-0.3,0.1,1.0
345,Chandler Parsons\parsoch01,SF,27,DAL,61,1799,16.2,.589,.386,.209,1.8,15.6,8.7,16.0,1.3,1.0,11.8,20.5,,2.6,1.6,4.3,.114,,1.6,0.3,1.9,1.8
346,Lamar Patterson\pattela01,SG,24,ATL,35,395,5.1,.468,.613,.275,1.1,12.4,6.9,13.6,1.1,0.4,20.4,12.8,,-0.3,0.5,0.2,.025,,-4.6,-0.3,-4.9,-0.3
347,Patrick Patterson\pattepa01,PF,26,TOR,79,2020,10.6,.534,.594,.069,4.4,14.8,9.7,7.1,1.4,1.3,11.3,12.9,,1.6,2.0,3.6,.086,,0.4,0.6,1.0,1.5
348,Chris Paul\paulch01,PG,30,LAC,74,2420,26.2,.575,.295,.294,1.8,12.0,7.0,52.7,3.1,0.4,13.4,27.1,,9.2,3.5,12.7,.253,,7.3,0.5,7.8,6.0
349,Adreian Payne\paynead01,PF,24,MIN,52,486,5.6,.422,.221,.179,4.8,21.5,13.3,8.9,1.7,1.8,18.7,17.7,,-0.9,0.4,-0.5,-0.047,,-5.9,-0.2,-6.1,-0.5
350,Cameron Payne\payneca01,PG,21,OKC,57,698,12.9,.490,.399,.086,1.5,11.2,6.6,22.5,2.6,0.7,13.2,20.3,,0.6,0.8,1.4,.093,,-0.4,-0.9,-1.3,0.1
351,Elfrid Payton\paytoel01,PG,21,ORL,73,2145,13.9,.478,.126,.260,3.9,9.6,6.7,32.8,2.1,0.8,17.9,20.4,,0.5,1.7,2.2,.050,,-0.9,-0.5,-1.3,0.4
352,Nikola Pekovic\pekovni01,C,30,MIN,12,156,6.5,.459,.000,.400,5.3,10.3,7.8,10.7,0.3,0.0,13.3,19.5,,-0.1,0.0,-0.1,-0.022,,-4.7,-3.5,-8.2,-0.2
353,Kendrick Perkins\perkike01,C,31,NOP,37,542,6.0,.529,.000,.333,4.9,21.8,13.1,7.9,1.0,1.7,32.3,10.4,,-0.4,0.4,-0.1,-0.007,,-5.6,1.3,-4.3,-0.3
354,Paul Pierce\piercpa01,SF,38,LAC,68,1231,8.2,.489,.610,.166,1.1,15.2,8.2,8.5,1.3,1.1,12.0,17.8,,-0.6,1.4,0.9,.033,,-2.5,-0.3,-2.8,-0.3
355,Tibor Pleiss\pleisti01,C,26,UTA,12,82,3.5,.464,.080,.080,8.6,12.8,10.7,4.0,0.6,2.1,23.6,19.1,,-0.2,0.1,-0.1,-0.041,,-7.0,-1.1,-8.1,-0.1
356,Mason Plumlee\plumlma01,C,25,POR,82,2084,17.2,.564,.008,.648,10.4,22.2,16.3,16.2,1.6,3.2,18.8,17.1,,3.4,2.7,6.1,.140,,-0.2,3.0,2.8,2.5
357,Miles Plumlee\plumlmi01,C,27,MIL,61,870,17.4,.606,.000,.253,12.5,18.0,15.2,2.9,1.2,4.9,13.4,15.5,,1.4,0.8,2.2,.124,,-1.4,-0.4,-1.8,0.0
358,Otto Porter\porteot01,SF,22,WAS,75,2276,14.5,.564,.372,.176,4.7,14.7,9.6,7.9,2.2,1.1,8.3,16.2,,3.0,2.7,5.6,.119,,0.8,1.0,1.8,2.2
359,Bobby Portis\portibo01,PF,20,CHI,62,1102,13.8,.469,.119,.151,12.0,20.0,16.1,7.5,1.1,1.5,10.4,20.7,,0.3,1.3,1.5,.066,,-2.4,-0.9,-3.3,-0.4
360,Kristaps Porzingis\porzikr01,PF,20,NYK,72,2047,17.7,.518,.274,.271,7.1,20.7,14.0,7.8,1.3,5.0,10.9,24.6,,1.5,2.9,4.3,.102,,-0.8,0.9,0.1,1.1
361,Dwight Powell\poweldw01,PF,24,DAL,69,992,16.8,.557,.054,.480,9.3,20.9,15.1,7.2,1.8,2.0,10.0,18.4,,1.8,1.3,3.1,.151,,-1.3,1.0,-0.3,0.4
362,Norman Powell\powelno01,SG,22,TOR,49,725,13.3,.541,.389,.231,2.6,14.8,8.8,10.4,2.1,1.1,11.3,17.8,,0.7,0.8,1.6,.105,,-0.3,-0.1,-0.4,0.3
363,Phil Pressey\pressph01,PG,24,TOT,23,283,10.6,.433,.231,.321,1.1,11.1,6.0,40.7,3.1,1.1,27.0,18.7,,-0.4,0.3,-0.1,-0.017,,-4.8,-1.5,-6.4,-0.3
363,Phil Pressey\pressph01,PG,24,PHI,14,170,11.8,.437,.236,.327,0.0,15.2,7.4,43.2,3.2,0.4,23.2,21.1,,-0.2,0.2,0.0,-0.014,,-4.2,-1.5,-5.7,-0.2
363,Phil Pressey\pressph01,PG,24,PHO,9,113,8.6,.422,.217,.304,2.8,4.9,3.8,37.0,3.0,2.2,34.9,15.1,,-0.2,0.1,-0.1,-0.022,,-5.7,-1.6,-7.3,-0.2
364,Ronnie Price\pricero01,PG,32,PHO,62,1211,9.6,.517,.649,.136,2.2,6.8,4.4,17.9,3.0,0.9,17.9,13.7,,0.4,1.0,1.4,.056,,-0.7,-0.1,-0.8,0.4
365,Pablo Prigioni\prigipa01,PG,38,LAC,59,823,10.2,.482,.646,.054,5.1,9.9,7.5,21.8,3.2,0.1,24.6,11.0,,0.3,1.1,1.5,.087,,-1.1,1.5,0.4,0.5
366,Tayshaun Prince\princta01,SF,35,MIN,77,1462,6.3,.466,.100,.083,2.6,9.0,5.8,7.0,1.2,0.7,10.2,8.1,,0.1,0.3,0.4,.014,,-2.9,-0.2,-3.1,-0.4
367,Julius Randle\randlju01,PF,21,LAL,81,2286,13.9,.482,.043,.323,7.8,32.0,19.5,11.0,1.2,1.0,13.5,21.2,,-0.3,1.9,1.6,.035,,-3.7,0.0,-3.6,-0.9
368,Zach Randolph\randoza01,PF,34,MEM,68,2016,18.3,.519,.029,.238,9.7,20.7,15.0,12.9,1.1,0.6,9.5,24.6,,2.8,1.5,4.3,.103,,0.3,-1.1,-0.8,0.6
369,J.J. Redick\redicjj01,SG,31,LAC,75,2097,17.5,.632,.478,.233,0.5,6.6,3.6,8.6,1.0,0.2,7.4,22.6,,5.3,1.4,6.7,.154,,3.5,-2.7,0.8,1.5
370,Willie Reed\reedwi02,PF,25,BRK,39,426,19.2,.579,.000,.414,12.7,19.6,16.1,3.8,0.7,5.7,9.2,18.1,,0.9,0.3,1.2,.134,,-1.2,-0.4,-1.6,0.0
371,Josh Richardson\richajo01,SG,22,MIA,52,1107,11.4,.569,.423,.232,2.2,8.5,5.5,9.7,1.7,1.7,10.5,13.8,,1.3,1.2,2.5,.109,,0.2,0.4,0.6,0.7
372,Austin Rivers\riverau01,SG,23,LAC,67,1464,11.1,.523,.359,.225,1.7,7.9,4.8,10.6,1.6,0.5,9.7,19.4,,0.6,1.3,1.9,.063,,-1.2,-1.0,-2.2,-0.1
373,Andre Roberson\roberan03,SG,24,OKC,70,1553,10.2,.566,.376,.197,5.9,11.4,8.8,4.0,1.7,2.0,10.5,9.1,,1.8,1.6,3.4,.105,,0.0,1.3,1.4,1.3
374,Brian Roberts\roberbr01,PG,30,TOT,51,470,13.8,.552,.255,.285,1.4,8.2,4.8,18.6,1.1,0.3,11.0,19.8,,0.7,0.3,1.0,.105,,-1.1,-2.8,-3.9,-0.2
374,Brian Roberts\roberbr01,PG,30,CHO,30,333,13.9,.552,.235,.322,1.3,8.3,4.8,18.7,1.1,0.2,10.9,19.9,,0.5,0.3,0.8,.108,,-1.2,-2.6,-3.8,-0.2
374,Brian Roberts\roberbr01,PG,30,POR,21,137,13.7,.551,.300,.200,1.6,7.9,4.7,18.5,1.1,0.6,11.4,19.6,,0.2,0.1,0.3,.096,,-0.8,-3.3,-4.0,-0.1
375,Glenn Robinson\robingl02,SF,22,IND,45,508,11.4,.508,.245,.258,2.6,12.0,7.3,7.7,1.7,1.4,9.7,16.1,,0.2,0.6,0.8,.078,,-3.0,0.0,-3.0,-0.1
376,Nate Robinson\robinna01,PG,31,NOP,2,23,2.6,.000,1.000,.000,0.0,0.0,0.0,21.8,2.2,0.0,0.0,1.9,,0.0,0.0,0.0,.038,,-6.1,-4.7,-10.8,-0.1
377,Thomas Robinson\robinth01,PF,24,BRK,71,917,14.5,.453,.003,.375,16.4,27.8,22.0,7.7,2.1,3.2,16.9,19.8,,-0.5,1.1,0.6,.033,,-3.8,0.9,-2.9,-0.2
378,Rajon Rondo\rondora01,PG,29,SAC,72,2537,16.9,.506,.217,.192,3.3,15.2,9.3,48.0,2.7,0.3,24.7,18.8,,2.3,2.3,4.6,.087,,0.8,0.2,1.0,1.9
379,Derrick Rose\rosede01,PG,27,CHI,66,2097,13.5,.479,.143,.171,2.4,8.8,5.6,25.5,1.1,0.5,13.4,27.3,,-0.8,1.2,0.4,.009,,-1.2,-2.1,-3.3,-0.7
380,Terrence Ross\rosste01,SF,24,TOR,73,1747,12.9,.551,.542,.099,1.4,10.6,6.1,5.3,1.6,1.2,6.6,18.2,,2.1,1.6,3.6,.100,,1.1,-1.2,-0.2,0.8
381,Terry Rozier\roziete01,PG,21,BOS,39,311,5.0,.326,.255,.094,8.1,13.5,10.8,16.5,0.9,0.3,14.7,17.7,,-0.6,0.3,-0.3,-0.047,,-5.9,-0.8,-6.6,-0.4
382,Ricky Rubio\rubiori01,PG,25,MIN,76,2323,17.6,.529,.324,.536,2.0,14.1,8.2,41.4,3.5,0.4,21.0,17.7,,3.6,2.2,5.8,.119,,1.8,0.1,1.9,2.3
383,Damjan Rudez\rudezda01,SF,29,MIN,33,277,5.5,.572,.806,.129,2.1,6.2,4.2,5.8,0.5,0.3,16.6,12.7,,0.1,0.0,0.1,.009,,-1.2,-3.5,-4.7,-0.2
384,Brandon Rush\rushbr01,SG,30,GSW,72,1055,10.1,.560,.604,.108,2.3,15.4,9.2,7.0,0.9,1.6,10.8,12.5,,0.8,1.2,2.0,.090,,-1.2,-0.2,-1.3,0.2
385,D'Angelo Russell\russeda01,PG,19,LAL,80,2259,13.2,.507,.387,.199,2.2,11.2,6.5,21.2,2.1,0.5,15.9,24.1,,-0.7,0.7,0.0,.001,,-0.2,-1.7,-1.8,0.1
386,Robert Sacre\sacrero01,C,26,LAL,25,320,10.4,.474,.000,.507,10.4,13.9,12.1,6.9,0.6,2.5,11.6,14.3,,0.2,0.1,0.3,.040,,-3.5,-0.8,-4.3,-0.2
387,JaKarr Sampson\sampsja02,SF,22,TOT,73,1160,8.3,.504,.199,.385,4.2,14.0,9.0,6.2,1.0,2.2,15.9,16.6,,-0.5,0.6,0.1,.006,,-4.6,-0.8,-5.4,-1.0
387,JaKarr Sampson\sampsja02,SF,22,PHI,47,691,7.7,.490,.168,.480,4.6,16.1,10.2,6.9,0.8,1.8,17.2,18.7,,-0.6,0.3,-0.3,-0.021,,-5.8,-1.6,-7.3,-0.9
387,JaKarr Sampson\sampsja02,SF,22,DEN,26,469,9.3,.532,.252,.217,3.7,10.8,7.2,5.1,1.3,3.0,13.1,13.5,,0.1,0.3,0.4,.045,,-2.8,0.2,-2.6,-0.1
388,Dennis Schroder\schrode01,PG,22,ATL,80,1621,15.5,.510,.306,.233,1.7,11.8,6.9,36.1,2.1,0.4,17.5,28.8,,-0.2,2.3,2.2,.064,,-0.5,-0.9,-1.4,0.3
389,Luis Scola\scolalu01,PF,35,TOR,76,1636,13.6,.523,.269,.140,6.0,19.0,12.6,6.8,1.5,1.4,9.7,19.5,,1.4,1.9,3.3,.098,,-0.8,-0.4,-1.2,0.3
390,Mike Scott\scottmi01,PF,27,ATL,75,1146,14.0,.575,.420,.168,5.2,14.2,9.8,10.5,1.1,1.2,9.4,17.4,,1.7,1.5,3.2,.132,,-0.2,-0.4,-0.6,0.4
391,Thabo Sefolosha\sefolth01,SF,31,ATL,75,1758,12.4,.578,.333,.266,3.3,17.1,10.4,8.8,2.4,1.7,14.1,12.3,,1.3,3.2,4.5,.122,,-1.7,2.8,1.1,1.4
392,Kevin Seraphin\serapke01,C,26,NYK,48,526,10.8,.435,.010,.112,6.5,19.5,13.1,14.8,0.8,5.2,16.7,22.2,,-0.8,0.7,-0.2,-0.015,,-5.9,1.5,-4.4,-0.3
393,Ramon Sessions\sessira01,PG,29,WAS,82,1667,15.9,.565,.188,.478,1.6,12.2,6.8,22.0,1.3,0.2,13.8,21.8,,2.5,1.3,3.8,.109,,-0.3,-1.5,-1.8,0.1
394,Iman Shumpert\shumpim01,SG,25,CLE,54,1316,8.4,.475,.479,.167,2.8,14.6,8.7,9.8,2.1,1.2,14.8,13.2,,-0.1,1.8,1.7,.063,,-2.1,1.9,-0.2,0.6
395,Jonathon Simmons\simmojo02,SG,26,SAS,55,813,11.9,.586,.194,.380,2.3,10.8,6.7,10.4,1.5,0.5,15.8,18.9,,0.7,1.3,2.0,.119,,-1.1,0.2,-1.0,0.2
396,Henry Sims\simshe01,C,25,BRK,14,263,13.9,.504,.000,.390,8.8,22.2,15.4,5.1,1.7,4.3,11.7,17.3,,0.2,0.3,0.4,.079,,-3.5,0.9,-2.6,0.0
397,Kyle Singler\singlky01,SF,27,OKC,68,977,6.6,.481,.439,.199,5.9,9.6,7.9,3.2,1.5,0.7,11.7,11.9,,0.3,0.8,1.1,.054,,-1.7,-0.8,-2.5,-0.1
398,Donald Sloan\sloando01,PG,28,BRK,61,1318,13.9,.536,.283,.297,1.4,13.5,7.4,30.0,1.2,0.2,16.8,16.1,,1.7,0.3,2.0,.071,,-0.3,-2.1,-2.4,-0.1
399,Marcus Smart\smartma01,PG,21,BOS,61,1667,11.3,.463,.456,.314,4.8,11.6,8.1,15.8,2.7,0.8,11.7,17.4,,0.5,2.4,2.9,.083,,-0.6,1.3,0.7,1.1
400,Greg Smith\smithgr02,PF,25,MIN,18,192,7.9,.545,.000,.531,7.4,17.9,12.7,4.6,1.1,0.4,15.1,10.8,,0.1,0.1,0.2,.045,,-3.0,-1.2,-4.3,-0.1
401,Ish Smith\smithis01,PG,27,TOT,77,2239,14.9,.465,.176,.182,2.0,13.3,7.5,38.3,1.9,0.8,14.4,23.9,,0.0,1.3,1.3,.027,,-0.6,-1.1,-1.7,0.1
401,Ish Smith\smithis01,PG,27,NOP,27,617,16.3,.484,.145,.189,2.4,14.5,8.3,39.1,1.9,0.8,15.4,20.9,,0.5,0.4,0.9,.070,,-0.2,-0.9,-1.1,0.1
401,Ish Smith\smithis01,PG,27,PHI,50,1622,14.4,.460,.185,.180,1.9,12.8,7.1,37.9,1.9,0.8,14.0,25.0,,-0.6,0.9,0.4,.011,,-0.8,-1.2,-2.0,0.0
402,J.R. Smith\smithjr01,SG,30,CLE,77,2362,12.4,.542,.600,.084,2.1,8.3,5.2,8.5,1.8,0.7,6.3,18.0,,3.0,2.5,5.5,.111,,1.8,-0.4,1.3,2.0
403,Jason Smith\smithja02,C,29,ORL,76,1181,14.6,.513,.032,.133,4.9,15.8,10.3,8.6,1.4,4.6,9.7,22.1,,0.4,1.4,1.8,.072,,-3.1,0.6,-2.5,-0.1
404,Josh Smith\smithjo03,PF,30,TOT,55,880,10.6,.439,.410,.192,6.4,17.4,11.9,15.9,1.9,4.3,16.9,22.9,,-1.2,1.2,0.0,.000,,-3.6,1.6,-2.0,0.0
404,Josh Smith\smithjo03,PF,30,LAC,32,459,13.2,.456,.322,.233,8.0,21.5,14.8,14.3,2.0,5.8,17.1,23.6,,-0.6,0.9,0.3,.036,,-3.8,3.6,-0.1,0.2
404,Josh Smith\smithjo03,PF,30,HOU,23,421,7.7,.419,.503,.148,4.7,12.9,8.8,17.7,1.9,2.6,16.7,22.1,,-0.7,0.3,-0.4,-0.040,,-3.4,-0.7,-4.1,-0.2
405,Russ Smith\smithru01,PG,24,MEM,15,66,10.5,.415,.227,.591,1.7,14.4,7.8,25.4,3.9,1.4,20.2,23.6,,-0.1,0.1,-0.1,-0.041,,-5.0,0.3,-4.8,0.0
406,Tony Snell\snellto01,SF,24,CHI,64,1301,6.4,.478,.457,.097,1.6,14.3,8.1,6.9,0.6,1.0,12.8,13.7,,-0.5,1.0,0.4,.016,,-3.4,-0.7,-4.1,-0.7
407,Marreese Speights\speigma01,C,28,GSW,72,832,17.1,.506,.136,.250,10.6,19.8,15.5,11.4,1.1,3.0,11.5,29.7,,0.5,1.2,1.8,.102,,-2.9,-1.1,-3.9,-0.4
408,Tiago Splitter\splitti01,C,31,ATL,36,579,13.7,.571,.013,.310,8.7,13.8,11.3,7.9,1.7,1.6,12.0,15.5,,0.9,0.9,1.7,.144,,-1.9,1.1,-0.8,0.2
409,Nik Stauskas\stausni01,SG,22,PHI,73,1809,9.2,.517,.596,.217,1.3,10.0,5.5,12.0,1.2,0.8,13.6,16.7,,0.0,0.5,0.5,.012,,-1.7,-1.9,-3.6,-0.7
410,Lance Stephenson\stephla01,SF,25,TOT,69,1372,13.5,.548,.165,.234,3.2,15.1,9.1,16.2,1.6,0.6,15.2,20.2,,0.9,1.3,2.2,.076,,-1.1,-0.3,-1.4,0.2
410,Lance Stephenson\stephla01,SF,25,LAC,43,680,9.8,.569,.283,.181,3.1,14.0,8.7,13.1,1.8,0.3,21.1,15.1,,0.1,0.8,0.9,.066,,-2.4,0.7,-1.6,0.1
410,Lance Stephenson\stephla01,SF,25,MEM,26,692,17.1,.537,.101,.263,3.3,16.2,9.5,19.2,1.4,0.8,11.8,25.3,,0.8,0.5,1.2,.086,,0.1,-1.3,-1.2,0.1
411,Alex Stepheson\stephal01,PF,28,TOT,8,73,14.8,.341,.000,.444,28.5,14.5,21.8,4.3,0.7,6.0,0.0,19.8,,0.0,0.1,0.1,.068,,-2.0,-1.1,-3.2,0.0
411,Alex Stepheson\stephal01,PF,28,LAC,4,12,8.9,.532,.000,2.000,9.2,8.9,9.1,0.0,0.0,13.1,0.0,7.1,,0.0,0.0,0.0,.113,,-4.4,4.4,0.0,0.0
411,Alex Stepheson\stephal01,PF,28,MEM,4,61,16.0,.329,.000,.385,32.3,15.6,24.3,5.2,0.8,4.6,0.0,22.4,,0.0,0.1,0.1,.059,,-1.6,-2.2,-3.8,0.0
412,Jarnell Stokes\stokeja01,C,22,TOT,7,18,20.0,.595,.000,.400,6.1,18.8,12.6,9.6,2.8,0.0,0.0,14.9,,0.1,0.0,0.1,.209,,-0.1,-1.0,-1.0,0.0
412,Jarnell Stokes\stokeja01,C,22,MEM,2,4,13.6,,,,27.3,29.8,28.5,0.0,0.0,0.0,,0.0,,0.0,0.0,0.0,.163,,-3.6,-4.3,-7.8,0.0
412,Jarnell Stokes\stokeja01,C,22,MIA,5,14,21.8,.595,.000,.400,0.0,15.7,8.1,12.3,3.7,0.0,0.0,19.2,,0.0,0.0,0.1,.222,,0.9,0.0,0.9,0.0
413,Amar'e Stoudemire\stoudam01,C,33,MIA,52,762,17.3,.599,.000,.303,10.0,22.6,16.5,5.6,1.2,4.1,15.8,17.8,,1.1,1.3,2.4,.150,,-1.7,1.4,-0.4,0.3
414,Rodney Stuckey\stuckro01,PG,29,IND,58,1275,12.6,.504,.187,.357,1.6,11.7,6.7,17.2,1.7,0.5,12.9,20.3,,0.5,1.5,2.0,.077,,-2.1,-0.3,-2.5,-0.2
415,Jared Sullinger\sullija01,PF,23,BOS,81,1915,16.7,.476,.128,.200,10.6,27.0,18.7,15.5,1.9,1.9,10.4,21.8,,1.3,3.6,4.8,.121,,-1.2,2.3,1.1,1.5
416,Walter Tavares\tavarwa01,C,23,ATL,11,73,14.4,.555,.000,.421,10.7,20.5,15.7,6.3,0.7,6.5,18.2,16.9,,0.0,0.1,0.2,.106,,-4.9,2.5,-2.3,0.0
417,Jeff Teague\teaguje01,PG,27,ATL,79,2255,17.9,.551,.278,.316,1.6,8.6,5.2,34.4,2.1,0.8,16.2,26.6,,2.8,3.0,5.9,.125,,1.2,-0.9,0.3,1.3
418,Mirza Teletovic\teletmi01,PF,30,PHO,79,1686,16.2,.571,.592,.199,3.5,16.3,9.7,9.1,0.9,1.0,9.0,23.4,,2.9,0.9,3.8,.109,,2.3,-2.7,-0.5,0.7
419,Garrett Temple\templga01,SF,29,WAS,80,1951,9.3,.520,.511,.248,2.0,10.3,6.1,10.0,1.7,0.7,10.3,14.0,,1.0,1.7,2.7,.066,,-1.0,0.1,-1.0,0.5
420,Jason Terry\terryja01,SG,38,HOU,72,1258,10.2,.540,.694,.088,1.2,5.7,3.5,12.4,1.8,0.6,11.1,15.0,,1.1,0.4,1.5,.057,,-0.2,-2.6,-2.8,-0.3
421,Isaiah Thomas\thomais02,PG,26,BOS,82,2644,21.5,.562,.336,.394,1.8,8.0,4.9,32.7,1.7,0.3,11.9,29.6,,7.2,2.5,9.7,.177,,5.0,-2.0,3.0,3.3
422,Lance Thomas\thomala01,PF,27,NYK,59,1313,10.4,.557,.285,.312,2.9,8.0,5.4,6.4,0.9,0.4,11.6,16.9,,1.2,0.5,1.7,.062,,-1.2,-2.1,-3.2,-0.4
423,Hollis Thompson\thompho01,SG,24,PHI,77,2154,9.2,.525,.576,.141,2.6,11.4,6.9,7.4,0.8,0.8,9.5,16.2,,0.7,0.5,1.2,.026,,-1.1,-2.0,-3.1,-0.6
424,Jason Thompson\thompja02,C,29,TOT,47,471,14.2,.558,.139,.500,7.9,23.4,15.9,8.5,1.3,3.3,10.2,13.9,,0.9,0.7,1.6,.165,,-1.3,1.6,0.3,0.3
424,Jason Thompson\thompja02,C,29,GSW,28,179,13.3,.535,.000,.762,6.4,25.0,16.2,13.9,1.1,3.3,11.1,15.2,,0.3,0.3,0.6,.169,,-2.6,1.9,-0.7,0.1
424,Jason Thompson\thompja02,C,29,TOR,19,292,14.7,.575,.227,.333,8.8,22.4,15.7,5.3,1.4,3.4,9.6,13.0,,0.6,0.4,1.0,.163,,-0.5,1.4,0.9,0.2
425,Klay Thompson\thompkl01,SG,25,GSW,80,2666,18.6,.597,.469,.159,1.5,10.3,6.2,9.8,1.1,1.4,8.5,26.3,,5.4,2.6,8.0,.144,,2.9,-2.2,0.7,1.8
426,Tristan Thompson\thomptr01,PF,24,CLE,82,2269,15.9,.611,.000,.576,13.5,23.3,18.4,4.0,0.9,1.8,10.4,11.7,,5.6,3.1,8.7,.185,,0.2,1.3,1.5,2.0
427,Marcus Thornton\thornma01,SG,28,TOT,61,1109,14.7,.511,.498,.146,3.8,11.3,7.5,12.9,2.1,0.3,8.1,24.4,,1.0,0.7,1.7,.074,,0.7,-2.9,-2.1,0.0
427,Marcus Thornton\thornma01,SG,28,HOU,47,885,14.6,.512,.497,.133,3.8,10.5,7.2,12.8,1.9,0.3,8.0,24.3,,0.9,0.4,1.3,.072,,0.8,-3.3,-2.5,-0.1
427,Marcus Thornton\thornma01,SG,28,WAS,14,224,15.5,.508,.505,.196,3.4,14.3,8.7,13.4,2.8,0.4,8.6,24.8,,0.1,0.3,0.4,.080,,0.6,-1.2,-0.7,0.1
428,Anthony Tolliver\tollian01,PF,30,DET,72,1341,10.2,.543,.819,.142,3.1,16.1,9.3,5.6,1.0,0.9,7.4,12.4,,1.5,1.3,2.8,.100,,0.0,0.0,0.0,0.7
429,Axel Toupane\toupaax01,SF,23,DEN,21,305,7.1,.490,.571,.243,2.9,8.5,5.6,7.0,1.2,1.6,7.2,12.0,,0.2,0.1,0.3,.049,,-1.7,-1.1,-2.8,-0.1
430,Karl-Anthony Towns\townska01,C,20,MIN,82,2627,22.5,.590,.076,.239,10.2,27.5,19.0,11.3,1.1,4.3,12.6,24.9,,5.4,2.8,8.3,.151,,1.6,1.2,2.8,3.1
431,P.J. Tucker\tuckepj01,SF,30,PHO,82,2540,10.8,.506,.354,.244,6.9,15.2,10.9,10.2,2.0,0.6,14.7,12.7,,1.5,1.9,3.5,.066,,-0.7,1.3,0.6,1.7
432,Evan Turner\turneev01,SG,27,BOS,81,2271,13.6,.513,.110,.238,2.3,16.5,9.3,23.9,1.7,1.0,16.9,18.8,,1.0,3.0,4.0,.085,,-1.9,1.3,-0.7,0.8
433,Myles Turner\turnemy01,C,19,IND,60,1367,15.4,.531,.026,.228,5.5,21.0,13.3,5.0,0.9,5.1,10.3,20.9,,0.8,2.3,3.1,.109,,-3.7,1.4,-2.3,-0.1
434,Beno Udrih\udrihbe01,PG,33,TOT,44,707,9.5,.496,.222,.101,1.3,10.0,5.8,24.9,1.0,0.1,20.4,16.7,,-0.1,0.5,0.4,.029,,-2.8,-2.0,-4.8,-0.5
434,Beno Udrih\udrihbe01,PG,33,MEM,8,120,12.6,.497,.239,.065,1.8,7.0,4.3,36.4,1.3,0.8,18.9,21.8,,0.0,0.0,0.1,.024,,-1.6,-4.2,-5.8,-0.1
434,Beno Udrih\udrihbe01,PG,33,MIA,36,587,8.9,.495,.217,.112,1.2,10.7,6.1,22.5,1.0,0.0,20.8,15.7,,-0.1,0.5,0.4,.030,,-3.1,-1.5,-4.6,-0.4
435,Jonas Valanciunas\valanjo01,C,23,TOR,60,1557,22.6,.610,.000,.397,13.8,26.3,20.1,4.8,0.8,4.2,11.9,20.9,,4.5,2.4,6.9,.211,,0.7,0.4,1.1,1.2
436,Anderson Varejao\varejan01,C,33,TOT,53,496,11.1,.473,.008,.403,8.5,22.8,15.8,9.8,1.6,1.6,13.1,15.0,,0.3,0.8,1.0,.101,,-3.8,1.4,-2.4,0.0
436,Anderson Varejao\varejan01,C,33,CLE,31,310,11.2,.469,.013,.276,8.8,24.3,16.6,9.3,1.8,1.3,15.8,14.8,,0.1,0.5,0.6,.089,,-4.1,1.8,-2.3,0.0
436,Anderson Varejao\varejan01,C,33,GSW,22,186,11.0,.477,.000,.604,8.0,20.2,14.5,10.5,1.3,2.0,9.0,15.5,,0.2,0.3,0.5,.120,,-3.3,0.8,-2.5,0.0
437,Greivis Vasquez\vasqugr01,PG,29,MIL,23,460,7.4,.435,.529,.188,1.3,10.3,5.8,28.5,1.1,0.0,21.1,18.5,,-0.4,0.1,-0.3,-0.033,,-3.0,-3.9,-6.9,-0.6
438,Rashad Vaughn\vaughra01,SG,19,MIL,70,1001,4.2,.398,.553,.056,1.3,8.7,5.0,5.5,1.5,1.4,9.3,13.5,,-1.2,0.4,-0.8,-0.036,,-4.3,-1.9,-6.1,-1.0
439,Charlie Villanueva\villach01,PF,31,DAL,62,665,11.9,.473,.526,.073,4.0,21.1,12.5,6.2,1.4,1.9,8.4,25.3,,-0.6,0.8,0.2,.016,,-2.8,-1.8,-4.6,-0.4
440,Noah Vonleh\vonleno01,PF,20,POR,78,1174,8.6,.471,.165,.183,8.4,19.8,14.1,3.7,1.2,1.7,14.3,13.0,,0.0,1.1,1.2,.047,,-4.0,0.0,-4.0,-0.6
441,Nikola Vucevic\vucevni01,C,25,ORL,65,2037,21.1,.531,.009,.143,9.3,22.2,15.7,15.9,1.3,2.8,10.0,26.8,,2.8,2.4,5.2,.122,,0.7,1.1,1.8,2.0
442,Sasha Vujacic\vujacsa01,SG,31,NYK,61,908,11.1,.503,.516,.141,3.2,14.6,9.0,14.3,1.9,0.4,13.0,16.8,,0.3,0.8,1.1,.060,,-0.8,-0.7,-1.5,0.1
443,Dwyane Wade\wadedw01,SG,34,MIA,74,2258,20.3,.517,.037,.343,4.3,10.7,7.6,27.4,1.8,1.4,13.0,31.6,,2.4,2.6,4.9,.105,,0.9,-0.1,0.8,1.6
444,Dion Waiters\waitedi01,SG,24,OKC,78,2152,9.4,.492,.340,.222,1.9,8.0,5.1,10.0,1.9,0.5,13.4,17.7,,0.3,1.8,2.1,.046,,-1.5,-0.6,-2.1,-0.1
445,Kemba Walker\walkeke02,PG,25,CHO,81,2885,20.8,.554,.368,.329,2.1,11.5,6.8,25.7,2.2,1.1,10.1,26.5,,6.3,3.6,9.9,.165,,4.0,0.0,4.0,4.4
446,John Wall\walljo01,PG,25,WAS,77,2784,19.8,.510,.243,.255,1.7,13.8,7.6,46.2,2.5,1.7,17.5,28.6,,2.2,3.5,5.7,.098,,2.2,1.0,3.2,3.7
447,T.J. Warren\warretj01,SF,22,PHO,47,1070,15.7,.549,.159,.145,5.7,9.3,7.5,7.2,1.7,1.2,6.4,19.9,,1.7,0.6,2.2,.101,,0.2,-1.3,-1.2,0.2
448,C.J. Watson\watsocj01,PG,31,ORL,33,656,8.6,.461,.350,.285,1.7,9.6,5.6,18.1,1.4,0.6,14.0,12.1,,0.2,0.4,0.6,.047,,-2.5,-0.8,-3.3,-0.2
449,Briante Weber\weberbr01,PG,23,TOT,7,169,8.9,.380,.128,.103,5.2,11.9,8.4,18.6,2.7,1.6,18.1,13.2,,-0.2,0.2,0.0,.004,,-3.6,1.5,-2.1,0.0
449,Briante Weber\weberbr01,PG,23,MEM,6,166,8.3,.365,.132,.105,5.3,11.5,8.2,17.6,2.8,1.7,18.5,13.2,,-0.2,0.2,0.0,-0.007,,-4.0,1.6,-2.4,0.0
449,Briante Weber\weberbr01,PG,23,MIA,1,3,39.3,1.000,.000,.000,0.0,36.6,18.9,72.3,0.0,0.0,0.0,15.2,,0.0,0.0,0.0,.634,,15.3,-1.3,14.0,0.0
450,Sonny Weems\weemsso01,SG-SF,29,TOT,43,499,3.7,.459,.373,.136,1.5,10.3,5.8,14.2,1.0,0.2,26.0,13.5,,-0.7,0.1,-0.5,-0.053,,-5.7,-1.8,-7.6,-0.7
450,Sonny Weems\weemsso01,SG,29,PHO,36,421,4.3,.475,.360,.146,1.5,9.2,5.3,16.2,1.2,0.2,28.1,13.3,,-0.5,0.1,-0.4,-0.043,,-5.3,-1.5,-6.8,-0.5
450,Sonny Weems\weemsso01,SF,29,PHI,7,78,0.8,.388,.429,.095,1.3,15.9,8.4,3.9,0.0,0.0,15.5,14.5,,-0.2,0.0,-0.2,-0.104,,-8.2,-3.5,-11.7,-0.2
451,David West\westda01,PF,35,SAS,78,1404,17.6,.573,.016,.179,6.0,18.6,12.5,15.4,1.6,3.0,12.3,18.0,,2.4,2.9,5.4,.184,,0.1,3.3,3.4,1.9
452,Russell Westbrook\westbru01,PG,27,OKC,80,2750,27.6,.554,.236,.397,6.1,18.1,12.4,49.6,2.9,0.6,16.8,31.6,,10.0,4.0,14.0,.245,,7.6,2.4,10.0,8.3
453,Hassan Whiteside\whiteha01,C,26,MIA,73,2125,25.7,.629,.000,.482,13.1,32.4,23.1,2.4,1.1,9.7,14.2,20.7,,5.0,5.3,10.3,.233,,-0.9,3.4,2.5,2.4
454,Shayne Whittington\whittsh01,PF,24,IND,7,41,7.4,.463,.182,.182,13.4,18.6,16.0,10.9,1.2,2.0,29.6,18.1,,-0.1,0.1,0.0,-0.009,,-5.4,1.0,-4.5,0.0
455,Andrew Wiggins\wiggian01,SF,20,MIN,81,2845,16.5,.543,.147,.437,4.4,7.5,6.0,10.1,1.4,1.3,10.6,27.2,,3.4,0.7,4.1,.069,,0.4,-2.5,-2.1,-0.1
456,C.J. Wilcox\wilcocj01,SG,25,LAC,23,167,12.9,.491,.348,.182,0.7,7.1,3.9,9.4,3.0,0.9,2.7,19.8,,0.1,0.2,0.3,.089,,-1.5,-0.9,-2.4,0.0
457,Alan Williams\willial03,PF,23,PHO,10,68,21.1,.481,.000,.583,21.9,39.2,30.3,11.7,2.9,6.0,16.6,22.6,,0.1,0.2,0.2,.146,,-2.5,4.0,1.5,0.1
458,Deron Williams\willide01,PG,31,DAL,65,2106,14.6,.530,.364,.266,1.0,8.9,5.0,29.3,1.5,0.6,14.8,22.0,,2.2,1.4,3.7,.083,,0.9,-1.0,-0.1,1.0
459,Derrick Williams\willide02,SF,24,NYK,80,1435,17.2,.550,.265,.453,3.6,18.7,11.3,8.9,1.0,0.5,8.3,23.3,,2.4,1.2,3.6,.120,,-0.1,-2.4,-2.6,-0.2
460,Elliot Williams\williel01,PG,26,MEM,5,45,3.3,.340,.400,.400,2.4,7.9,5.1,12.4,0.0,0.0,7.8,12.7,,0.0,0.0,0.0,-0.046,,-5.2,-3.5,-8.7,-0.1
461,Lou Williams\willilo02,SG,29,LAL,67,1907,17.7,.584,.462,.612,1.7,8.1,4.8,15.1,1.6,0.8,10.8,22.8,,4.5,0.3,4.7,.119,,3.0,-2.7,0.3,1.1
462,Marvin Williams\willima02,PF,29,CHO,81,2338,16.8,.585,.506,.193,5.9,18.6,12.2,7.6,1.2,2.7,7.1,16.8,,4.7,3.2,7.8,.161,,1.7,1.0,2.7,2.7
463,Mo Williams\willima01,PG,33,CLE,41,748,12.4,.527,.338,.139,0.9,9.9,5.4,21.1,1.0,0.5,15.1,22.8,,0.4,0.7,1.1,.067,,-1.3,-2.1,-3.3,-0.2
464,Justise Winslow\winslju01,SF,19,MIA,78,2232,8.4,.489,.251,.253,4.2,15.8,10.2,7.4,1.6,0.9,15.6,12.5,,-0.2,2.7,2.5,.054,,-2.2,1.6,-0.6,0.8
465,Jeff Withey\witheje01,C,25,UTA,51,658,17.7,.577,.012,.364,10.0,20.7,15.4,5.0,1.7,6.8,13.0,15.1,,1.1,1.3,2.3,.171,,-2.0,3.7,1.7,0.6
466,Christian Wood\woodch01,PF,20,PHI,17,145,16.4,.490,.208,.396,9.4,19.4,14.3,3.5,1.7,3.7,3.1,19.4,,0.2,0.1,0.3,.097,,-2.9,-1.6,-4.5,-0.1
467,Metta World Peace\artesro01,SF,36,LAL,35,590,8.3,.435,.475,.322,3.4,13.2,8.1,7.2,1.9,1.5,6.9,16.2,,-0.2,0.3,0.1,.008,,-2.8,-1.0,-3.8,-0.3
468,Brandan Wright\wrighbr03,PF,28,MEM,12,212,18.3,.663,.000,.462,7.2,16.3,11.6,4.7,1.2,6.6,13.8,15.4,,0.4,0.2,0.7,.147,,-0.9,1.9,0.9,0.2
469,Delon Wright\wrighde01,PG,23,TOR,27,229,17.8,.540,.163,.438,4.1,14.3,9.3,22.5,1.8,1.1,14.4,22.1,,0.3,0.2,0.6,.124,,-0.1,-0.6,-0.7,0.1
470,Tony Wroten\wroteto01,PG,22,PHI,8,144,1.8,.412,.262,.569,1.5,14.9,7.9,23.3,1.0,0.0,26.3,33.5,,-0.8,0.0,-0.8,-0.263,,-9.9,-3.5,-13.4,-0.4
471,James Young\youngja01,SG,20,BOS,29,199,3.6,.384,.722,.111,2.1,11.9,6.9,6.0,1.5,0.4,11.7,9.1,,-0.2,0.2,0.1,.013,,-4.7,0.1,-4.6,-0.1
472,Joe Young\youngjo01,PG,23,IND,41,384,9.9,.428,.272,.148,1.7,12.5,7.1,26.9,1.9,0.0,15.5,24.4,,-0.5,0.5,-0.1,-0.009,,-3.9,-1.5,-5.4,-0.3
473,Nick Young\youngni01,SG,30,LAL,54,1033,9.1,.483,.637,.204,1.4,9.0,5.1,5.4,1.1,0.5,6.9,18.5,,0.1,0.0,0.1,.003,,-1.4,-3.5,-4.8,-0.7
474,Thaddeus Young\youngth01,PF,27,BRK,73,2407,17.5,.533,.031,.169,8.1,23.0,15.4,9.5,2.3,1.2,11.6,21.6,,1.9,2.2,4.1,.081,,-0.5,0.6,0.1,1.3
475,Cody Zeller\zelleco01,C,23,CHO,73,1774,16.1,.592,.023,.531,8.4,19.7,14.0,6.3,1.6,2.9,11.2,15.4,,3.6,2.7,6.3,.169,,-1.0,2.0,1.0,1.3
476,Tyler Zeller\zellety01,C,26,BOS,60,710,15.4,.539,.000,.372,9.1,17.6,13.3,6.6,0.7,2.4,12.0,23.0,,0.8,0.9,1.7,.114,,-3.2,-1.1,-4.4,-0.4
